-- MySQL dump 10.13  Distrib 9.6.0, for Win64 (x86_64)
--
-- Host: localhost    Database: stock_request_db
-- ------------------------------------------------------
-- Server version	9.6.0

/*!40101 SET @OLD_CHARACTER_SET_CLIENT=@@CHARACTER_SET_CLIENT */;
/*!40101 SET @OLD_CHARACTER_SET_RESULTS=@@CHARACTER_SET_RESULTS */;
/*!40101 SET @OLD_COLLATION_CONNECTION=@@COLLATION_CONNECTION */;
/*!50503 SET NAMES utf8mb4 */;
/*!40103 SET @OLD_TIME_ZONE=@@TIME_ZONE */;
/*!40103 SET TIME_ZONE='+00:00' */;
/*!40014 SET @OLD_UNIQUE_CHECKS=@@UNIQUE_CHECKS, UNIQUE_CHECKS=0 */;
/*!40014 SET @OLD_FOREIGN_KEY_CHECKS=@@FOREIGN_KEY_CHECKS, FOREIGN_KEY_CHECKS=0 */;
/*!40101 SET @OLD_SQL_MODE=@@SQL_MODE, SQL_MODE='NO_AUTO_VALUE_ON_ZERO' */;
/*!40111 SET @OLD_SQL_NOTES=@@SQL_NOTES, SQL_NOTES=0 */;
SET @MYSQLDUMP_TEMP_LOG_BIN = @@SESSION.SQL_LOG_BIN;
SET @@SESSION.SQL_LOG_BIN= 0;

--
-- GTID state at the beginning of the backup 
--

SET @@GLOBAL.GTID_PURGED=/*!80000 '+'*/ '53aef595-2509-11f1-b247-408d5c689584:1-1464';

--
-- Table structure for table `brand_price_history`
--

DROP TABLE IF EXISTS `brand_price_history`;
/*!40101 SET @saved_cs_client     = @@character_set_client */;
/*!50503 SET character_set_client = utf8mb4 */;
CREATE TABLE `brand_price_history` (
  `id` int NOT NULL AUTO_INCREMENT,
  `brand_id` int NOT NULL,
  `size_type` varchar(20) NOT NULL,
  `old_price` decimal(10,2) DEFAULT '0.00',
  `new_price` decimal(10,2) DEFAULT '0.00',
  `changed_at` timestamp NULL DEFAULT CURRENT_TIMESTAMP,
  PRIMARY KEY (`id`),
  KEY `brand_id` (`brand_id`),
  CONSTRAINT `brand_price_history_ibfk_1` FOREIGN KEY (`brand_id`) REFERENCES `brands` (`id`)
) ENGINE=InnoDB AUTO_INCREMENT=32 DEFAULT CHARSET=utf8mb4 COLLATE=utf8mb4_0900_ai_ci;
/*!40101 SET character_set_client = @saved_cs_client */;

--
-- Dumping data for table `brand_price_history`
--

LOCK TABLES `brand_price_history` WRITE;
/*!40000 ALTER TABLE `brand_price_history` DISABLE KEYS */;
INSERT INTO `brand_price_history` VALUES (1,1,'N',750.00,750.04,'2026-03-30 06:38:04'),(2,1,'P',1580.00,1580.01,'2026-03-30 06:38:04'),(3,1,'Q',3080.00,3079.99,'2026-03-30 06:38:04'),(4,1,'N',750.04,750.00,'2026-03-30 06:39:20'),(5,1,'P',1580.01,1580.00,'2026-03-30 06:39:20'),(6,1,'Q',3079.99,3080.00,'2026-03-30 06:39:20'),(10,15,'N',740.00,740.00,'2026-03-30 11:00:28'),(11,15,'P',1114.50,1114.50,'2026-03-30 11:00:28'),(12,15,'Q',2205.00,2205.00,'2026-03-30 11:00:28'),(16,93,'325ml Btl',0.00,0.00,'2026-03-31 03:55:15'),(17,93,'330ml Cane',0.00,0.00,'2026-03-31 03:55:15'),(18,93,'500ml Btl',0.00,0.00,'2026-03-31 03:55:15'),(19,93,'500ml Cane',678.90,670.90,'2026-03-31 03:55:15'),(20,93,'625ml Btl',0.00,0.00,'2026-03-31 03:55:15'),(21,1,'N',750.00,750.00,'2026-04-02 11:13:55'),(22,1,'P',1580.00,1580.00,'2026-04-02 11:13:55'),(23,1,'Q',3080.00,3070.00,'2026-04-02 11:13:55'),(24,1,'N',750.00,750.00,'2026-04-02 11:14:05'),(25,1,'P',1580.00,1580.00,'2026-04-02 11:14:05'),(26,1,'Q',3070.00,3080.00,'2026-04-02 11:14:05'),(27,93,'325ml Btl',0.00,0.00,'2026-04-04 08:52:32'),(28,93,'330ml Cane',0.00,0.00,'2026-04-04 08:52:32'),(29,93,'500ml Btl',0.00,0.00,'2026-04-04 08:52:32'),(30,93,'500ml Cane',670.90,678.90,'2026-04-04 08:52:32'),(31,93,'625ml Btl',0.00,0.00,'2026-04-04 08:52:32');
/*!40000 ALTER TABLE `brand_price_history` ENABLE KEYS */;
UNLOCK TABLES;

--
-- Table structure for table `brand_prices`
--

DROP TABLE IF EXISTS `brand_prices`;
/*!40101 SET @saved_cs_client     = @@character_set_client */;
/*!50503 SET character_set_client = utf8mb4 */;
CREATE TABLE `brand_prices` (
  `id` int NOT NULL AUTO_INCREMENT,
  `brand_id` int NOT NULL,
  `size_type` varchar(20) NOT NULL,
  `price` decimal(10,2) DEFAULT '0.00',
  `effective_from` timestamp NULL DEFAULT CURRENT_TIMESTAMP,
  `created_at` timestamp NULL DEFAULT CURRENT_TIMESTAMP,
  PRIMARY KEY (`id`),
  KEY `brand_id` (`brand_id`),
  CONSTRAINT `brand_prices_ibfk_1` FOREIGN KEY (`brand_id`) REFERENCES `brands` (`id`)
) ENGINE=InnoDB AUTO_INCREMENT=441 DEFAULT CHARSET=utf8mb4 COLLATE=utf8mb4_0900_ai_ci;
/*!40101 SET character_set_client = @saved_cs_client */;

--
-- Dumping data for table `brand_prices`
--

LOCK TABLES `brand_prices` WRITE;
/*!40000 ALTER TABLE `brand_prices` DISABLE KEYS */;
INSERT INTO `brand_prices` VALUES (1,1,'Q',3080.00,'2026-04-02 11:14:05','2026-03-27 05:09:07'),(2,1,'P',1580.00,'2026-04-02 11:14:05','2026-03-27 05:09:07'),(3,1,'N',750.00,'2026-04-02 11:14:05','2026-03-27 05:09:07'),(4,2,'Q',2820.00,'2026-03-27 05:09:07','2026-03-27 05:09:07'),(5,2,'P',1450.00,'2026-03-27 05:09:07','2026-03-27 05:09:07'),(6,2,'N',720.00,'2026-03-27 05:09:07','2026-03-27 05:09:07'),(7,3,'Q',2850.00,'2026-03-27 05:09:07','2026-03-27 05:09:07'),(8,3,'P',1460.00,'2026-03-27 05:09:07','2026-03-27 05:09:07'),(9,3,'N',730.00,'2026-03-27 05:09:07','2026-03-27 05:09:07'),(10,4,'Q',3170.00,'2026-03-27 05:09:07','2026-03-27 05:09:07'),(11,4,'P',1580.00,'2026-03-27 05:09:07','2026-03-27 05:09:07'),(12,4,'N',780.00,'2026-03-27 05:09:07','2026-03-27 05:09:07'),(13,5,'Q',2590.00,'2026-03-27 05:09:07','2026-03-27 05:09:07'),(14,5,'P',1310.00,'2026-03-27 05:09:07','2026-03-27 05:09:07'),(15,5,'N',650.00,'2026-03-27 05:09:07','2026-03-27 05:09:07'),(16,6,'Q',3490.00,'2026-03-27 05:09:07','2026-03-27 05:09:07'),(17,6,'P',1760.00,'2026-03-27 05:09:07','2026-03-27 05:09:07'),(18,6,'N',0.00,'2026-03-27 05:09:07','2026-03-27 05:09:07'),(19,7,'Q',4600.00,'2026-03-27 05:09:07','2026-03-27 05:09:07'),(20,7,'P',2375.00,'2026-03-27 05:09:07','2026-03-27 05:09:07'),(21,7,'N',0.00,'2026-03-27 05:09:07','2026-03-27 05:09:07'),(22,8,'Q',4600.00,'2026-03-27 05:09:07','2026-03-27 05:09:07'),(23,8,'P',2400.00,'2026-03-27 05:09:07','2026-03-27 05:09:07'),(24,8,'N',0.00,'2026-03-27 05:09:07','2026-03-27 05:09:07'),(25,9,'Q',4850.00,'2026-03-27 05:09:07','2026-03-27 05:09:07'),(26,9,'P',0.00,'2026-03-27 05:09:07','2026-03-27 05:09:07'),(27,9,'N',0.00,'2026-03-27 05:09:07','2026-03-27 05:09:07'),(28,10,'Q',1310.00,'2026-03-27 05:09:07','2026-03-27 05:09:07'),(29,10,'P',0.00,'2026-03-27 05:09:07','2026-03-27 05:09:07'),(30,10,'N',650.00,'2026-03-27 05:09:07','2026-03-27 05:09:07'),(31,11,'Q',1070.00,'2026-03-27 05:09:07','2026-03-27 05:09:07'),(32,11,'P',0.00,'2026-03-27 05:09:07','2026-03-27 05:09:07'),(33,11,'N',535.00,'2026-03-27 05:09:07','2026-03-27 05:09:07'),(34,12,'Q',4350.00,'2026-03-27 05:09:07','2026-03-27 05:09:07'),(35,12,'P',0.00,'2026-03-27 05:09:07','2026-03-27 05:09:07'),(36,12,'N',0.00,'2026-03-27 05:09:07','2026-03-27 05:09:07'),(37,13,'Q',3270.00,'2026-03-27 05:09:07','2026-03-27 05:09:07'),(38,13,'P',1620.00,'2026-03-27 05:09:07','2026-03-27 05:09:07'),(39,13,'N',780.00,'2026-03-27 05:09:07','2026-03-27 05:09:07'),(40,14,'Q',3322.00,'2026-03-27 05:11:49','2026-03-27 05:11:49'),(41,14,'P',1665.00,'2026-03-27 05:11:49','2026-03-27 05:11:49'),(42,14,'N',787.00,'2026-03-27 05:11:49','2026-03-27 05:11:49'),(43,15,'Q',2205.00,'2026-03-30 11:00:28','2026-03-27 05:11:49'),(44,15,'P',1114.50,'2026-03-30 11:00:28','2026-03-27 05:11:49'),(45,15,'N',740.00,'2026-03-30 11:00:28','2026-03-27 05:11:49'),(46,16,'Q',3530.50,'2026-03-27 05:11:49','2026-03-27 05:11:49'),(47,16,'P',1775.00,'2026-03-27 05:11:49','2026-03-27 05:11:49'),(48,16,'N',857.50,'2026-03-27 05:11:49','2026-03-27 05:11:49'),(49,17,'Q',3423.00,'2026-03-27 05:11:49','2026-03-27 05:11:49'),(50,17,'P',1740.50,'2026-03-27 05:11:49','2026-03-27 05:11:49'),(51,17,'N',872.70,'2026-03-27 05:11:49','2026-03-27 05:11:49'),(52,18,'Q',3641.50,'2026-03-27 05:11:49','2026-03-27 05:11:49'),(53,18,'P',1887.60,'2026-03-27 05:11:49','2026-03-27 05:11:49'),(54,18,'N',930.80,'2026-03-27 05:11:49','2026-03-27 05:11:49'),(55,19,'Q',3752.50,'2026-03-27 05:11:49','2026-03-27 05:11:49'),(56,19,'P',1896.80,'2026-03-27 05:11:49','2026-03-27 05:11:49'),(57,19,'N',942.10,'2026-03-27 05:11:49','2026-03-27 05:11:49'),(58,20,'Q',3988.50,'2026-03-27 05:11:49','2026-03-27 05:11:49'),(59,20,'P',2096.80,'2026-03-27 05:11:49','2026-03-27 05:11:49'),(60,20,'N',1035.00,'2026-03-27 05:11:49','2026-03-27 05:11:49'),(61,21,'Q',4092.00,'2026-03-27 05:11:49','2026-03-27 05:11:49'),(62,21,'P',2148.00,'2026-03-27 05:11:49','2026-03-27 05:11:49'),(63,21,'N',1080.00,'2026-03-27 05:11:49','2026-03-27 05:11:49'),(64,22,'Q',4501.00,'2026-03-27 05:11:49','2026-03-27 05:11:49'),(65,22,'P',2318.00,'2026-03-27 05:11:49','2026-03-27 05:11:49'),(66,22,'N',1170.00,'2026-03-27 05:11:49','2026-03-27 05:11:49'),(67,23,'Q',16601.00,'2026-03-27 05:11:49','2026-03-27 05:11:49'),(68,23,'P',0.00,'2026-03-27 05:11:49','2026-03-27 05:11:49'),(69,23,'N',0.00,'2026-03-27 05:11:49','2026-03-27 05:11:49'),(70,24,'Q',3352.80,'2026-03-27 05:11:49','2026-03-27 05:11:49'),(71,24,'P',0.00,'2026-03-27 05:11:49','2026-03-27 05:11:49'),(72,24,'N',0.00,'2026-03-27 05:11:49','2026-03-27 05:11:49'),(73,25,'Q',0.00,'2026-03-27 05:11:49','2026-03-27 05:11:49'),(74,25,'P',0.00,'2026-03-27 05:11:49','2026-03-27 05:11:49'),(75,25,'N',668.00,'2026-03-27 05:11:49','2026-03-27 05:11:49'),(76,26,'Q',0.00,'2026-03-27 05:11:49','2026-03-27 05:11:49'),(77,26,'P',0.00,'2026-03-27 05:11:49','2026-03-27 05:11:49'),(78,26,'N',519.00,'2026-03-27 05:11:49','2026-03-27 05:11:49'),(79,27,'Q',3621.00,'2026-03-27 05:11:49','2026-03-27 05:11:49'),(80,27,'P',1900.00,'2026-03-27 05:11:49','2026-03-27 05:11:49'),(81,27,'N',933.00,'2026-03-27 05:11:49','2026-03-27 05:11:49'),(82,28,'Q',3432.00,'2026-03-27 05:11:49','2026-03-27 05:11:49'),(83,28,'P',1724.00,'2026-03-27 05:11:49','2026-03-27 05:11:49'),(84,28,'N',852.00,'2026-03-27 05:11:49','2026-03-27 05:11:49'),(85,29,'Q',3679.00,'2026-03-27 05:11:49','2026-03-27 05:11:49'),(86,29,'P',1924.00,'2026-03-27 05:11:49','2026-03-27 05:11:49'),(87,29,'N',969.00,'2026-03-27 05:11:49','2026-03-27 05:11:49'),(88,30,'Q',3678.00,'2026-03-27 05:11:49','2026-03-27 05:11:49'),(89,30,'P',1926.00,'2026-03-27 05:11:49','2026-03-27 05:11:49'),(90,30,'N',968.00,'2026-03-27 05:11:49','2026-03-27 05:11:49'),(91,31,'Q',5128.00,'2026-03-27 05:11:49','2026-03-27 05:11:49'),(92,31,'P',0.00,'2026-03-27 05:11:49','2026-03-27 05:11:49'),(93,31,'N',0.00,'2026-03-27 05:11:49','2026-03-27 05:11:49'),(94,32,'Q',4689.00,'2026-03-27 05:11:49','2026-03-27 05:11:49'),(95,32,'P',2564.00,'2026-03-27 05:11:49','2026-03-27 05:11:49'),(96,32,'N',0.00,'2026-03-27 05:11:49','2026-03-27 05:11:49'),(97,33,'Q',4949.00,'2026-03-27 05:11:49','2026-03-27 05:11:49'),(98,33,'P',2476.00,'2026-03-27 05:11:49','2026-03-27 05:11:49'),(99,33,'N',0.00,'2026-03-27 05:11:49','2026-03-27 05:11:49'),(100,34,'Q',5709.00,'2026-03-27 05:11:49','2026-03-27 05:11:49'),(101,34,'P',0.00,'2026-03-27 05:11:49','2026-03-27 05:11:49'),(102,34,'N',0.00,'2026-03-27 05:11:49','2026-03-27 05:11:49'),(103,35,'Q',4542.00,'2026-03-27 05:11:49','2026-03-27 05:11:49'),(104,35,'P',2390.00,'2026-03-27 05:11:49','2026-03-27 05:11:49'),(105,35,'N',1190.00,'2026-03-27 05:11:49','2026-03-27 05:11:49'),(106,36,'Q',4609.00,'2026-03-27 05:11:49','2026-03-27 05:11:49'),(107,36,'P',0.00,'2026-03-27 05:11:49','2026-03-27 05:11:49'),(108,36,'N',0.00,'2026-03-27 05:11:49','2026-03-27 05:11:49'),(109,37,'Q',4609.00,'2026-03-27 05:11:49','2026-03-27 05:11:49'),(110,37,'P',0.00,'2026-03-27 05:11:49','2026-03-27 05:11:49'),(111,37,'N',0.00,'2026-03-27 05:11:49','2026-03-27 05:11:49'),(112,38,'Q',4560.00,'2026-03-27 05:11:49','2026-03-27 05:11:49'),(113,38,'P',2389.00,'2026-03-27 05:11:49','2026-03-27 05:11:49'),(114,38,'N',0.00,'2026-03-27 05:11:49','2026-03-27 05:11:49'),(115,39,'Q',4365.00,'2026-03-27 05:11:49','2026-03-27 05:11:49'),(116,39,'P',0.00,'2026-03-27 05:11:49','2026-03-27 05:11:49'),(117,39,'N',0.00,'2026-03-27 05:11:49','2026-03-27 05:11:49'),(118,40,'Q',4521.00,'2026-03-27 05:11:49','2026-03-27 05:11:49'),(119,40,'P',2360.00,'2026-03-27 05:11:49','2026-03-27 05:11:49'),(120,40,'N',1201.00,'2026-03-27 05:11:49','2026-03-27 05:11:49'),(121,41,'Q',4521.00,'2026-03-27 05:11:49','2026-03-27 05:11:49'),(122,41,'P',2360.00,'2026-03-27 05:11:49','2026-03-27 05:11:49'),(123,41,'N',1201.00,'2026-03-27 05:11:49','2026-03-27 05:11:49'),(124,42,'Q',4476.14,'2026-03-27 05:18:14','2026-03-27 05:18:14'),(125,42,'P',2296.90,'2026-03-27 05:18:14','2026-03-27 05:18:14'),(126,42,'N',0.00,'2026-03-27 05:18:14','2026-03-27 05:18:14'),(127,43,'Q',3872.26,'2026-03-27 05:18:14','2026-03-27 05:18:14'),(128,43,'P',1983.92,'2026-03-27 05:18:14','2026-03-27 05:18:14'),(129,43,'N',984.18,'2026-03-27 05:18:14','2026-03-27 05:18:14'),(130,44,'Q',3342.59,'2026-03-27 05:18:14','2026-03-27 05:18:14'),(131,44,'P',1694.03,'2026-03-27 05:18:14','2026-03-27 05:18:14'),(132,44,'N',805.19,'2026-03-27 05:18:14','2026-03-27 05:18:14'),(133,45,'Q',3321.59,'2026-03-27 05:18:14','2026-03-27 05:18:14'),(134,45,'P',1673.03,'2026-03-27 05:18:14','2026-03-27 05:18:14'),(135,45,'N',790.44,'2026-03-27 05:18:14','2026-03-27 05:18:14'),(136,46,'Q',3035.68,'2026-03-27 05:18:14','2026-03-27 05:18:14'),(137,46,'P',1563.83,'2026-03-27 05:18:14','2026-03-27 05:18:14'),(138,46,'N',719.24,'2026-03-27 05:18:14','2026-03-27 05:18:14'),(139,47,'Q',4193.94,'2026-03-27 05:18:14','2026-03-27 05:18:14'),(140,47,'P',2145.92,'2026-03-27 05:18:14','2026-03-27 05:18:14'),(141,47,'N',0.00,'2026-03-27 05:18:14','2026-03-27 05:18:14'),(142,48,'Q',3390.03,'2026-03-27 05:18:14','2026-03-27 05:18:14'),(143,48,'P',1760.80,'2026-03-27 05:18:14','2026-03-27 05:18:14'),(144,48,'N',849.59,'2026-03-27 05:18:14','2026-03-27 05:18:14'),(145,49,'Q',3792.90,'2026-03-27 05:18:14','2026-03-27 05:18:14'),(146,49,'P',2010.87,'2026-03-27 05:18:14','2026-03-27 05:18:14'),(147,49,'N',967.80,'2026-03-27 05:18:14','2026-03-27 05:18:14'),(148,50,'Q',3748.37,'2026-03-27 05:18:14','2026-03-27 05:18:14'),(149,50,'P',2002.29,'2026-03-27 05:18:14','2026-03-27 05:18:14'),(150,50,'N',967.80,'2026-03-27 05:18:14','2026-03-27 05:18:14'),(151,51,'Q',3748.37,'2026-03-27 05:18:14','2026-03-27 05:18:14'),(152,51,'P',2002.29,'2026-03-27 05:18:14','2026-03-27 05:18:14'),(153,51,'N',967.80,'2026-03-27 05:18:14','2026-03-27 05:18:14'),(154,52,'Q',3632.94,'2026-03-27 05:18:14','2026-03-27 05:18:14'),(155,52,'P',1905.56,'2026-03-27 05:18:14','2026-03-27 05:18:14'),(156,52,'N',941.68,'2026-03-27 05:18:14','2026-03-27 05:18:14'),(157,53,'Q',2680.95,'2026-03-27 05:18:14','2026-03-27 05:18:14'),(158,53,'P',1398.45,'2026-03-27 05:18:14','2026-03-27 05:18:14'),(159,53,'N',681.46,'2026-03-27 05:18:14','2026-03-27 05:18:14'),(160,54,'Q',4246.16,'2026-03-27 05:18:14','2026-03-27 05:18:14'),(161,54,'P',2182.43,'2026-03-27 05:18:14','2026-03-27 05:18:14'),(162,54,'N',0.00,'2026-03-27 05:18:14','2026-03-27 05:18:14'),(163,55,'Q',5920.25,'2026-03-27 05:18:14','2026-03-27 05:18:14'),(164,55,'P',0.00,'2026-03-27 05:18:14','2026-03-27 05:18:14'),(165,55,'N',0.00,'2026-03-27 05:18:14','2026-03-27 05:18:14'),(166,56,'Q',5044.97,'2026-03-27 05:18:14','2026-03-27 05:18:14'),(167,56,'P',2683.45,'2026-03-27 05:18:14','2026-03-27 05:18:14'),(168,56,'N',1365.84,'2026-03-27 05:18:14','2026-03-27 05:18:14'),(169,57,'Q',5044.97,'2026-03-27 05:18:14','2026-03-27 05:18:14'),(170,57,'P',2683.45,'2026-03-27 05:18:14','2026-03-27 05:18:14'),(171,57,'N',1365.84,'2026-03-27 05:18:14','2026-03-27 05:18:14'),(172,58,'Q',4471.36,'2026-03-27 05:18:14','2026-03-27 05:18:14'),(173,58,'P',2340.78,'2026-03-27 05:18:14','2026-03-27 05:18:14'),(174,58,'N',1170.86,'2026-03-27 05:18:14','2026-03-27 05:18:14'),(175,59,'Q',0.00,'2026-03-27 05:18:14','2026-03-27 05:18:14'),(176,59,'P',0.00,'2026-03-27 05:18:14','2026-03-27 05:18:14'),(177,59,'N',0.00,'2026-03-27 05:18:14','2026-03-27 05:18:14'),(178,60,'Q',0.00,'2026-03-27 05:18:14','2026-03-27 05:18:14'),(179,60,'P',2617.16,'2026-03-27 05:18:14','2026-03-27 05:18:14'),(180,60,'N',1272.39,'2026-03-27 05:18:14','2026-03-27 05:18:14'),(181,61,'Q',5037.64,'2026-03-27 05:18:14','2026-03-27 05:18:14'),(182,61,'P',2533.79,'2026-03-27 05:18:14','2026-03-27 05:18:14'),(183,61,'N',1311.91,'2026-03-27 05:18:14','2026-03-27 05:18:14'),(184,62,'Q',4997.65,'2026-03-27 05:18:14','2026-03-27 05:18:14'),(185,62,'P',2588.07,'2026-03-27 05:18:14','2026-03-27 05:18:14'),(186,62,'N',0.00,'2026-03-27 05:18:14','2026-03-27 05:18:14'),(187,63,'Q',5795.58,'2026-03-27 05:18:14','2026-03-27 05:18:14'),(188,63,'P',2943.07,'2026-03-27 05:18:14','2026-03-27 05:18:14'),(189,63,'N',0.00,'2026-03-27 05:18:14','2026-03-27 05:18:14'),(190,64,'Q',4819.17,'2026-03-27 05:18:14','2026-03-27 05:18:14'),(191,64,'P',2454.20,'2026-03-27 05:18:14','2026-03-27 05:18:14'),(192,64,'N',0.00,'2026-03-27 05:18:14','2026-03-27 05:18:14'),(193,65,'Q',4825.24,'2026-03-27 05:18:14','2026-03-27 05:18:14'),(194,65,'P',2461.82,'2026-03-27 05:18:14','2026-03-27 05:18:14'),(195,65,'N',0.00,'2026-03-27 05:18:14','2026-03-27 05:18:14'),(196,66,'Q',0.00,'2026-03-27 05:18:14','2026-03-27 05:18:14'),(197,66,'P',0.00,'2026-03-27 05:18:14','2026-03-27 05:18:14'),(198,66,'N',0.00,'2026-03-27 05:18:14','2026-03-27 05:18:14'),(199,67,'Q',0.00,'2026-03-27 05:18:32','2026-03-27 05:18:32'),(200,67,'P',2391.48,'2026-03-27 05:18:32','2026-03-27 05:18:32'),(201,67,'N',0.00,'2026-03-27 05:18:32','2026-03-27 05:18:32'),(202,68,'Q',3993.65,'2026-03-27 05:18:32','2026-03-27 05:18:32'),(203,68,'P',2018.66,'2026-03-27 05:18:32','2026-03-27 05:18:32'),(204,68,'N',1032.71,'2026-03-27 05:18:32','2026-03-27 05:18:32'),(205,69,'Q',3745.75,'2026-03-27 05:18:32','2026-03-27 05:18:32'),(206,69,'P',1893.86,'2026-03-27 05:18:32','2026-03-27 05:18:32'),(207,69,'N',877.44,'2026-03-27 05:18:32','2026-03-27 05:18:32'),(208,70,'Q',4263.51,'2026-03-27 05:18:32','2026-03-27 05:18:32'),(209,70,'P',2177.12,'2026-03-27 05:18:32','2026-03-27 05:18:32'),(210,70,'N',0.00,'2026-03-27 05:18:32','2026-03-27 05:18:32'),(211,71,'Q',4194.11,'2026-03-27 05:18:32','2026-03-27 05:18:32'),(212,71,'P',2196.61,'2026-03-27 05:18:32','2026-03-27 05:18:32'),(213,71,'N',0.00,'2026-03-27 05:18:32','2026-03-27 05:18:32'),(214,72,'Q',3401.36,'2026-03-27 05:18:32','2026-03-27 05:18:32'),(215,72,'P',0.00,'2026-03-27 05:18:32','2026-03-27 05:18:32'),(216,72,'N',0.00,'2026-03-27 05:18:32','2026-03-27 05:18:32'),(217,73,'Q',3620.80,'2026-03-27 05:18:32','2026-03-27 05:18:32'),(218,73,'P',1900.08,'2026-03-27 05:18:32','2026-03-27 05:18:32'),(219,73,'N',933.01,'2026-03-27 05:18:32','2026-03-27 05:18:32'),(220,74,'Q',3254.58,'2026-03-27 05:18:32','2026-03-27 05:18:32'),(221,74,'P',1683.13,'2026-03-27 05:18:32','2026-03-27 05:18:32'),(222,74,'N',818.74,'2026-03-27 05:18:32','2026-03-27 05:18:32'),(223,75,'Q',0.00,'2026-03-27 05:18:32','2026-03-27 05:18:32'),(224,75,'P',0.00,'2026-03-27 05:18:32','2026-03-27 05:18:32'),(225,75,'N',0.00,'2026-03-27 05:18:32','2026-03-27 05:18:32'),(226,76,'Q',5097.95,'2026-03-27 05:18:32','2026-03-27 05:18:32'),(227,76,'P',2737.82,'2026-03-27 05:18:32','2026-03-27 05:18:32'),(228,76,'N',1374.23,'2026-03-27 05:18:32','2026-03-27 05:18:32'),(229,77,'Q',5097.95,'2026-03-27 05:18:32','2026-03-27 05:18:32'),(230,77,'P',2737.82,'2026-03-27 05:18:32','2026-03-27 05:18:32'),(231,77,'N',1374.23,'2026-03-27 05:18:32','2026-03-27 05:18:32'),(232,78,'Q',5142.28,'2026-03-27 05:18:32','2026-03-27 05:18:32'),(233,78,'P',2659.80,'2026-03-27 05:18:32','2026-03-27 05:18:32'),(234,78,'N',0.00,'2026-03-27 05:18:32','2026-03-27 05:18:32'),(235,79,'Q',5142.28,'2026-03-27 05:18:32','2026-03-27 05:18:32'),(236,79,'P',2659.80,'2026-03-27 05:18:32','2026-03-27 05:18:32'),(237,79,'N',0.00,'2026-03-27 05:18:32','2026-03-27 05:18:32'),(238,80,'Q',0.00,'2026-03-27 05:18:32','2026-03-27 05:18:32'),(239,80,'P',2615.47,'2026-03-27 05:18:32','2026-03-27 05:18:32'),(240,80,'N',1223.51,'2026-03-27 05:18:32','2026-03-27 05:18:32'),(241,81,'Q',4828.30,'2026-03-27 05:18:32','2026-03-27 05:18:32'),(242,81,'P',2588.25,'2026-03-27 05:18:32','2026-03-27 05:18:32'),(243,81,'N',1220.34,'2026-03-27 05:18:32','2026-03-27 05:18:32'),(244,82,'Q',4907.87,'2026-03-27 05:18:32','2026-03-27 05:18:32'),(245,82,'P',2653.63,'2026-03-27 05:18:32','2026-03-27 05:18:32'),(246,82,'N',1276.29,'2026-03-27 05:18:32','2026-03-27 05:18:32'),(247,83,'Q',4775.23,'2026-03-27 05:18:32','2026-03-27 05:18:32'),(248,83,'P',2459.88,'2026-03-27 05:18:32','2026-03-27 05:18:32'),(249,83,'N',0.00,'2026-03-27 05:18:32','2026-03-27 05:18:32'),(250,84,'Q',4375.16,'2026-03-27 05:18:32','2026-03-27 05:18:32'),(251,84,'P',2301.80,'2026-03-27 05:18:32','2026-03-27 05:18:32'),(252,84,'N',0.00,'2026-03-27 05:18:32','2026-03-27 05:18:32'),(253,85,'Q',4436.00,'2026-03-27 05:18:32','2026-03-27 05:18:32'),(254,85,'P',2392.84,'2026-03-27 05:18:32','2026-03-27 05:18:32'),(255,85,'N',1197.00,'2026-03-27 05:18:32','2026-03-27 05:18:32'),(256,86,'Q',3359.60,'2026-03-27 05:18:32','2026-03-27 05:18:32'),(257,86,'P',1760.85,'2026-03-27 05:18:32','2026-03-27 05:18:32'),(258,86,'N',849.30,'2026-03-27 05:18:32','2026-03-27 05:18:32'),(259,107,'Q',4984.75,'2026-03-27 05:18:32','2026-03-27 05:18:32'),(260,107,'P',0.00,'2026-03-27 05:18:32','2026-03-27 05:18:32'),(261,107,'N',0.00,'2026-03-27 05:18:32','2026-03-27 05:18:32'),(262,108,'Q',4707.81,'2026-03-27 05:18:32','2026-03-27 05:18:32'),(263,108,'P',0.00,'2026-03-27 05:18:32','2026-03-27 05:18:32'),(264,108,'N',0.00,'2026-03-27 05:18:32','2026-03-27 05:18:32'),(265,109,'Q',4991.56,'2026-03-27 05:18:32','2026-03-27 05:18:32'),(266,109,'P',0.00,'2026-03-27 05:18:32','2026-03-27 05:18:32'),(267,109,'N',0.00,'2026-03-27 05:18:32','2026-03-27 05:18:32'),(268,110,'Q',4902.90,'2026-03-27 05:18:32','2026-03-27 05:18:32'),(269,110,'P',0.00,'2026-03-27 05:18:32','2026-03-27 05:18:32'),(270,110,'N',0.00,'2026-03-27 05:18:32','2026-03-27 05:18:32'),(271,87,'625ml Btl',463.75,'2026-03-27 05:19:00','2026-03-27 05:19:00'),(272,87,'500ml Cane',463.75,'2026-03-27 05:19:00','2026-03-27 05:19:00'),(273,87,'330ml Cane',296.80,'2026-03-27 05:19:00','2026-03-27 05:19:00'),(274,87,'500ml Btl',0.00,'2026-03-27 05:19:00','2026-03-27 05:19:00'),(275,87,'325ml Btl',0.00,'2026-03-27 05:19:00','2026-03-27 05:19:00'),(276,88,'625ml Btl',491.40,'2026-03-27 05:19:00','2026-03-27 05:19:00'),(277,88,'500ml Cane',491.40,'2026-03-27 05:19:00','2026-03-27 05:19:00'),(278,88,'330ml Cane',327.60,'2026-03-27 05:19:00','2026-03-27 05:19:00'),(279,88,'500ml Btl',0.00,'2026-03-27 05:19:00','2026-03-27 05:19:00'),(280,88,'325ml Btl',0.00,'2026-03-27 05:19:00','2026-03-27 05:19:00'),(281,89,'625ml Btl',677.08,'2026-03-27 05:19:00','2026-03-27 05:19:00'),(282,89,'500ml Cane',677.08,'2026-03-27 05:19:00','2026-03-27 05:19:00'),(283,89,'330ml Cane',426.65,'2026-03-27 05:19:00','2026-03-27 05:19:00'),(284,89,'500ml Btl',0.00,'2026-03-27 05:19:00','2026-03-27 05:19:00'),(285,89,'325ml Btl',0.00,'2026-03-27 05:19:00','2026-03-27 05:19:00'),(286,90,'625ml Btl',667.80,'2026-03-27 05:19:00','2026-03-27 05:19:00'),(287,90,'500ml Cane',667.80,'2026-03-27 05:19:00','2026-03-27 05:19:00'),(288,90,'330ml Cane',417.38,'2026-03-27 05:19:00','2026-03-27 05:19:00'),(289,90,'500ml Btl',500.85,'2026-03-27 05:19:00','2026-03-27 05:19:00'),(290,90,'325ml Btl',0.00,'2026-03-27 05:19:00','2026-03-27 05:19:00'),(291,91,'625ml Btl',728.00,'2026-03-27 05:19:00','2026-03-27 05:19:00'),(292,91,'500ml Cane',728.00,'2026-03-27 05:19:00','2026-03-27 05:19:00'),(293,91,'330ml Cane',0.00,'2026-03-27 05:19:00','2026-03-27 05:19:00'),(294,91,'500ml Btl',527.80,'2026-03-27 05:19:00','2026-03-27 05:19:00'),(295,91,'325ml Btl',0.00,'2026-03-27 05:19:00','2026-03-27 05:19:00'),(296,92,'625ml Btl',0.00,'2026-03-27 05:19:00','2026-03-27 05:19:00'),(297,92,'500ml Cane',725.40,'2026-03-27 05:19:00','2026-03-27 05:19:00'),(298,92,'330ml Cane',0.00,'2026-03-27 05:19:00','2026-03-27 05:19:00'),(299,92,'500ml Btl',0.00,'2026-03-27 05:19:00','2026-03-27 05:19:00'),(300,92,'325ml Btl',0.00,'2026-03-27 05:19:00','2026-03-27 05:19:00'),(301,93,'625ml Btl',0.00,'2026-04-04 08:52:32','2026-03-27 05:19:00'),(302,93,'500ml Cane',678.90,'2026-04-04 08:52:32','2026-03-27 05:19:00'),(303,93,'330ml Cane',0.00,'2026-04-04 08:52:32','2026-03-27 05:19:00'),(304,93,'500ml Btl',0.00,'2026-04-04 08:52:32','2026-03-27 05:19:00'),(305,93,'325ml Btl',0.00,'2026-04-04 08:52:32','2026-03-27 05:19:00'),(306,94,'625ml Btl',0.00,'2026-03-27 05:19:00','2026-03-27 05:19:00'),(307,94,'500ml Cane',548.00,'2026-03-27 05:19:00','2026-03-27 05:19:00'),(308,94,'330ml Cane',0.00,'2026-03-27 05:19:00','2026-03-27 05:19:00'),(309,94,'500ml Btl',0.00,'2026-03-27 05:19:00','2026-03-27 05:19:00'),(310,94,'325ml Btl',0.00,'2026-03-27 05:19:00','2026-03-27 05:19:00'),(311,95,'625ml Btl',0.00,'2026-03-27 05:19:00','2026-03-27 05:19:00'),(312,95,'500ml Cane',546.00,'2026-03-27 05:19:00','2026-03-27 05:19:00'),(313,95,'330ml Cane',0.00,'2026-03-27 05:19:00','2026-03-27 05:19:00'),(314,95,'500ml Btl',0.00,'2026-03-27 05:19:00','2026-03-27 05:19:00'),(315,95,'325ml Btl',0.00,'2026-03-27 05:19:00','2026-03-27 05:19:00'),(316,98,'625ml Btl',509.60,'2026-03-27 05:19:00','2026-03-27 05:19:00'),(317,98,'500ml Cane',509.60,'2026-03-27 05:19:00','2026-03-27 05:19:00'),(318,98,'330ml Cane',0.00,'2026-03-27 05:19:00','2026-03-27 05:19:00'),(319,98,'500ml Btl',0.00,'2026-03-27 05:19:00','2026-03-27 05:19:00'),(320,98,'325ml Btl',0.00,'2026-03-27 05:19:00','2026-03-27 05:19:00'),(321,99,'625ml Btl',673.40,'2026-03-27 05:19:00','2026-03-27 05:19:00'),(322,99,'500ml Cane',0.00,'2026-03-27 05:19:00','2026-03-27 05:19:00'),(323,99,'330ml Cane',0.00,'2026-03-27 05:19:00','2026-03-27 05:19:00'),(324,99,'500ml Btl',0.00,'2026-03-27 05:19:00','2026-03-27 05:19:00'),(325,99,'325ml Btl',0.00,'2026-03-27 05:19:00','2026-03-27 05:19:00'),(326,100,'625ml Btl',682.50,'2026-03-27 05:19:00','2026-03-27 05:19:00'),(327,100,'500ml Cane',682.50,'2026-03-27 05:19:00','2026-03-27 05:19:00'),(328,100,'330ml Cane',0.00,'2026-03-27 05:19:00','2026-03-27 05:19:00'),(329,100,'500ml Btl',0.00,'2026-03-27 05:19:00','2026-03-27 05:19:00'),(330,100,'325ml Btl',0.00,'2026-03-27 05:19:00','2026-03-27 05:19:00'),(331,111,'625ml Btl',0.00,'2026-03-27 05:19:00','2026-03-27 05:19:00'),(332,111,'500ml Cane',0.00,'2026-03-27 05:19:00','2026-03-27 05:19:00'),(333,111,'330ml Cane',0.00,'2026-03-27 05:19:00','2026-03-27 05:19:00'),(334,111,'500ml Btl',0.00,'2026-03-27 05:19:00','2026-03-27 05:19:00'),(335,111,'325ml Btl',0.00,'2026-03-27 05:19:00','2026-03-27 05:19:00'),(336,112,'625ml Btl',0.00,'2026-03-27 05:19:00','2026-03-27 05:19:00'),(337,112,'500ml Cane',0.00,'2026-03-27 05:19:00','2026-03-27 05:19:00'),(338,112,'330ml Cane',0.00,'2026-03-27 05:19:00','2026-03-27 05:19:00'),(339,112,'500ml Btl',0.00,'2026-03-27 05:19:00','2026-03-27 05:19:00'),(340,112,'325ml Btl',0.00,'2026-03-27 05:19:00','2026-03-27 05:19:00'),(341,101,'625ml Btl',463.76,'2026-03-27 05:19:15','2026-03-27 05:19:15'),(342,101,'500ml Cane',445.21,'2026-03-27 05:19:15','2026-03-27 05:19:15'),(343,101,'330ml Cane',296.80,'2026-03-27 05:19:15','2026-03-27 05:19:15'),(344,101,'500ml Btl',0.00,'2026-03-27 05:19:15','2026-03-27 05:19:15'),(345,101,'325ml Btl',0.00,'2026-03-27 05:19:15','2026-03-27 05:19:15'),(346,102,'625ml Btl',667.80,'2026-03-27 05:19:15','2026-03-27 05:19:15'),(347,102,'500ml Cane',658.53,'2026-03-27 05:19:15','2026-03-27 05:19:15'),(348,102,'330ml Cane',417.38,'2026-03-27 05:19:15','2026-03-27 05:19:15'),(349,102,'500ml Btl',0.00,'2026-03-27 05:19:15','2026-03-27 05:19:15'),(350,102,'325ml Btl',0.00,'2026-03-27 05:19:15','2026-03-27 05:19:15'),(351,103,'625ml Btl',677.08,'2026-03-27 05:19:15','2026-03-27 05:19:15'),(352,103,'500ml Cane',677.08,'2026-03-27 05:19:15','2026-03-27 05:19:15'),(353,103,'330ml Cane',0.00,'2026-03-27 05:19:15','2026-03-27 05:19:15'),(354,103,'500ml Btl',0.00,'2026-03-27 05:19:15','2026-03-27 05:19:15'),(355,103,'325ml Btl',0.00,'2026-03-27 05:19:15','2026-03-27 05:19:15'),(356,104,'625ml Btl',666.00,'2026-03-27 05:19:15','2026-03-27 05:19:15'),(357,104,'500ml Cane',656.75,'2026-03-27 05:19:15','2026-03-27 05:19:15'),(358,104,'330ml Cane',416.25,'2026-03-27 05:19:15','2026-03-27 05:19:15'),(359,104,'500ml Btl',0.00,'2026-03-27 05:19:15','2026-03-27 05:19:15'),(360,104,'325ml Btl',0.00,'2026-03-27 05:19:15','2026-03-27 05:19:15'),(361,105,'625ml Btl',658.54,'2026-03-27 05:19:15','2026-03-27 05:19:15'),(362,105,'500ml Cane',649.26,'2026-03-27 05:19:15','2026-03-27 05:19:15'),(363,105,'330ml Cane',398.83,'2026-03-27 05:19:15','2026-03-27 05:19:15'),(364,105,'500ml Btl',0.00,'2026-03-27 05:19:15','2026-03-27 05:19:15'),(365,105,'325ml Btl',0.00,'2026-03-27 05:19:15','2026-03-27 05:19:15'),(366,106,'625ml Btl',667.80,'2026-03-27 05:19:15','2026-03-27 05:19:15'),(367,106,'500ml Cane',667.80,'2026-03-27 05:19:15','2026-03-27 05:19:15'),(368,106,'330ml Cane',417.38,'2026-03-27 05:19:15','2026-03-27 05:19:15'),(369,106,'500ml Btl',0.00,'2026-03-27 05:19:15','2026-03-27 05:19:15'),(370,106,'325ml Btl',0.00,'2026-03-27 05:19:15','2026-03-27 05:19:15'),(371,113,'625ml Btl',463.76,'2026-03-27 05:19:15','2026-03-27 05:19:15'),(372,113,'500ml Cane',463.76,'2026-03-27 05:19:15','2026-03-27 05:19:15'),(373,113,'330ml Cane',296.80,'2026-03-27 05:19:15','2026-03-27 05:19:15'),(374,113,'500ml Btl',0.00,'2026-03-27 05:19:15','2026-03-27 05:19:15'),(375,113,'325ml Btl',0.00,'2026-03-27 05:19:15','2026-03-27 05:19:15'),(376,114,'625ml Btl',0.00,'2026-03-27 05:19:15','2026-03-27 05:19:15'),(377,114,'500ml Cane',482.30,'2026-03-27 05:19:15','2026-03-27 05:19:15'),(378,114,'330ml Cane',0.00,'2026-03-27 05:19:15','2026-03-27 05:19:15'),(379,114,'500ml Btl',0.00,'2026-03-27 05:19:15','2026-03-27 05:19:15'),(380,114,'325ml Btl',0.00,'2026-03-27 05:19:15','2026-03-27 05:19:15'),(381,115,'625ml Btl',677.08,'2026-03-27 05:19:15','2026-03-27 05:19:15'),(382,115,'500ml Cane',658.53,'2026-03-27 05:19:15','2026-03-27 05:19:15'),(383,115,'330ml Cane',389.56,'2026-03-27 05:19:15','2026-03-27 05:19:15'),(384,115,'500ml Btl',0.00,'2026-03-27 05:19:15','2026-03-27 05:19:15'),(385,115,'325ml Btl',0.00,'2026-03-27 05:19:15','2026-03-27 05:19:15'),(386,116,'625ml Btl',655.20,'2026-03-27 05:19:15','2026-03-27 05:19:15'),(387,116,'500ml Cane',646.10,'2026-03-27 05:19:15','2026-03-27 05:19:15'),(388,116,'330ml Cane',409.50,'2026-03-27 05:19:15','2026-03-27 05:19:15'),(389,116,'500ml Btl',0.00,'2026-03-27 05:19:15','2026-03-27 05:19:15'),(390,116,'325ml Btl',0.00,'2026-03-27 05:19:15','2026-03-27 05:19:15');
/*!40000 ALTER TABLE `brand_prices` ENABLE KEYS */;
UNLOCK TABLES;

--
-- Table structure for table `brands`
--

DROP TABLE IF EXISTS `brands`;
/*!40101 SET @saved_cs_client     = @@character_set_client */;
/*!50503 SET character_set_client = utf8mb4 */;
CREATE TABLE `brands` (
  `id` int NOT NULL AUTO_INCREMENT,
  `category_id` int NOT NULL,
  `brand_name` varchar(100) NOT NULL,
  `created_at` timestamp NULL DEFAULT CURRENT_TIMESTAMP,
  PRIMARY KEY (`id`),
  KEY `category_id` (`category_id`),
  CONSTRAINT `brands_ibfk_1` FOREIGN KEY (`category_id`) REFERENCES `categories` (`id`)
) ENGINE=InnoDB AUTO_INCREMENT=133 DEFAULT CHARSET=utf8mb4 COLLATE=utf8mb4_0900_ai_ci;
/*!40101 SET character_set_client = @saved_cs_client */;

--
-- Dumping data for table `brands`
--

LOCK TABLES `brands` WRITE;
/*!40000 ALTER TABLE `brands` DISABLE KEYS */;
INSERT INTO `brands` VALUES (1,1,'UG EXTRA SPECIAL ARRACK','2026-03-24 04:28:48'),(2,1,'UG SPECIAL ARRACK','2026-03-24 04:28:48'),(3,1,'LEMONARK ARRACK','2026-03-24 04:28:48'),(4,1,'ORIGIN PREMIUM WHITE ARRACK','2026-03-24 04:28:48'),(5,1,'GOLD STAR ARRACK','2026-03-24 04:28:48'),(6,1,'VAT 6 ARRACK','2026-03-24 04:28:48'),(7,1,'ISLAND STAGE WHISKY','2026-03-24 04:28:48'),(8,1,'POYN VODKA','2026-03-24 04:28:48'),(9,1,'MORPHO LONDON DRY GIN','2026-03-24 04:28:48'),(10,1,'APPLEARK ARRACK','2026-03-24 04:28:48'),(11,1,'LEO ARRACK','2026-03-24 04:28:48'),(12,1,'POYN VODKA-GREEN APPLE','2026-03-24 04:28:48'),(13,1,'ROYAL BLACK ARRACK','2026-03-24 04:28:48'),(14,2,'EXTRA SPECIAL','2026-03-24 04:29:34'),(15,2,'SPECIAL ARRACK','2026-03-24 04:29:34'),(16,2,'WHITE LABEL ARRACK','2026-03-24 04:29:34'),(17,2,'BLUE LABEL ARRACK','2026-03-24 04:29:34'),(18,2,'COCONUT ARRACK','2026-03-24 04:29:34'),(19,2,'OLD ARRACK','2026-03-24 04:29:34'),(20,2,'V.S.O.A. PREMIUM','2026-03-24 04:29:34'),(21,2,'D.D.A','2026-03-24 04:29:34'),(22,2,'SRI LANKA ARRACK','2026-03-24 04:29:34'),(23,2,'ARGENTE','2026-03-24 04:29:34'),(24,2,'NARIKELA','2026-03-24 04:29:34'),(25,2,'ECONOMY PLUS','2026-03-24 04:29:34'),(26,2,'DOUBLE BARREL','2026-03-24 04:29:34'),(27,2,'BLACK OPAL ARRACK','2026-03-24 04:29:34'),(28,2,'TRIPLE BLUE ARRACK','2026-03-24 04:29:34'),(29,2,'PERICEYL APPLE ARRACK','2026-03-24 04:29:34'),(30,2,'PERICEYL MANGO ARRACK','2026-03-24 04:29:34'),(31,2,'HOUSE OF TILBURY WHISKY','2026-03-24 04:29:34'),(32,2,'TILSIDER WHISKY','2026-03-24 04:29:34'),(33,2,'GALERIE BRANDY','2026-03-24 04:29:34'),(34,2,'GALERIE PREMIUM BRANDY','2026-03-24 04:29:34'),(35,2,'FRANKLIN BRANDY','2026-03-24 04:29:34'),(36,2,'BALMORAL DARK RUM','2026-03-24 04:29:34'),(37,2,'BALMORAL WHITE RUM','2026-03-24 04:29:34'),(38,2,'PETROF VODKA','2026-03-24 04:29:34'),(39,2,'EXCELLA TEQUILA','2026-03-24 04:29:34'),(40,2,'FLINTON LONDON GIN','2026-03-24 04:29:34'),(41,2,'FLINTON LEMON GIN','2026-03-24 04:29:34'),(42,3,'OLD RESERVE ARRACK','2026-03-24 04:30:20'),(43,3,'OLD ARRACK','2026-03-24 04:30:20'),(44,3,'BLACK LABEL','2026-03-24 04:30:20'),(45,3,'RED LABEL','2026-03-24 04:30:20'),(46,3,'GREEN LABEL','2026-03-24 04:30:20'),(47,3,'GOLD LABEL','2026-03-24 04:30:20'),(48,3,'WHITE LABEL','2026-03-24 04:30:20'),(49,3,'WHITE DIAMOND','2026-03-24 04:30:20'),(50,3,'WHITE DIAMOND LEMON','2026-03-24 04:30:20'),(51,3,'WHITE DIAMOND APPLE','2026-03-24 04:30:20'),(52,3,'BLUE SAPPHIRE','2026-03-24 04:30:20'),(53,3,'CLUB 07','2026-03-24 04:30:20'),(54,3,'OLD CASK','2026-03-24 04:30:20'),(55,3,'CAVELIER','2026-03-24 04:30:20'),(56,3,'ASCOT DRY GIN','2026-03-24 04:30:20'),(57,3,'ASCOT LEMON GIN','2026-03-24 04:30:20'),(58,3,'RITZ BRANDY','2026-03-24 04:30:20'),(59,3,'CHERRY BRANDY','2026-03-24 04:30:20'),(60,3,'V & A WHISKEY','2026-03-24 04:30:20'),(61,3,'CALYPSO RED RUM','2026-03-24 04:30:20'),(62,3,'B. BACCARDI RUM','2026-03-24 04:30:20'),(63,3,'W. BACCARDI RUM','2026-03-24 04:30:20'),(64,3,'ERISTOFF VODKA','2026-03-24 04:30:20'),(65,3,'CELEBRATION VODKA','2026-03-24 04:30:20'),(66,3,'VSA GOLD','2026-03-24 04:30:20'),(67,4,'VAT 9','2026-03-24 04:30:54'),(68,4,'EXTRA OLD ARRACK','2026-03-24 04:30:54'),(69,4,'ROCKLAND OLD ARRACK','2026-03-24 04:30:54'),(70,4,'HALMILLA OLD ARRACK','2026-03-24 04:30:54'),(71,4,'DD ARRACK','2026-03-24 04:30:54'),(72,4,'COCONUT ARRACK','2026-03-24 04:30:54'),(73,4,'GOVERNOR\'S CHOICE','2026-03-24 04:30:54'),(74,4,'NAVY SEAL','2026-03-24 04:30:54'),(75,4,'ENGLISH APPLE ARRACK','2026-03-24 04:30:54'),(76,4,'DRY GIN','2026-03-24 04:30:54'),(77,4,'LEMON GIN','2026-03-24 04:30:54'),(78,4,'PREMIUM RED RUM','2026-03-24 04:30:54'),(79,4,'PREMIUM WHITE RUM','2026-03-24 04:30:54'),(80,4,'HANAPIER BRANDY','2026-03-24 04:30:54'),(81,4,'OLD KEG WHISKEY','2026-03-24 04:30:54'),(82,4,'OLD KEG DOUBLE BLEND WHISKEY','2026-03-24 04:30:54'),(83,4,'KEROFF VODKA','2026-03-24 04:30:54'),(84,4,'ROSKA VODKA','2026-03-24 04:30:54'),(85,4,'NAPOLEON BRANDY','2026-03-24 04:30:54'),(86,4,'EX WHITE','2026-03-24 04:30:54'),(87,5,'LION LAGER','2026-03-24 04:32:18'),(88,5,'CARLSBERG INTERNATIONAL PREMIUM','2026-03-24 04:32:18'),(89,5,'LION STOUT','2026-03-24 04:32:18'),(90,5,'LION STRONG','2026-03-24 04:32:18'),(91,5,'CARLSBERG PREMIUM SPECIAL BREW','2026-03-24 04:32:18'),(92,5,'RYDERS WILD APPLE','2026-03-24 04:32:18'),(93,5,'RYDERS GINGER','2026-03-24 04:32:18'),(94,5,'SOMERSBY APPLE','2026-03-24 04:32:18'),(95,5,'SOMERSBY BLACK BERRY','2026-03-24 04:32:18'),(98,5,'CARLSBERG PREMIUM SMOOTH DRAUGHT','2026-03-24 04:32:18'),(99,5,'GRAND BLONDE','2026-03-24 04:32:18'),(100,5,'LION TRUEBORN','2026-03-24 04:32:18'),(101,6,'DCSL LAGER','2026-03-24 04:32:51'),(102,6,'DCSL STRONG','2026-03-24 04:32:51'),(103,6,'DCSL STOUT','2026-03-24 04:32:51'),(104,6,'TIGER BLACK','2026-03-24 04:32:51'),(105,6,'BISON STRONG','2026-03-24 04:32:51'),(106,6,'ALIYA STRONG','2026-03-24 04:32:51'),(107,4,'VAT 9 (WITH BOX)','2026-03-27 04:41:02'),(108,4,'VAT 9 (WITHOUT BOX)','2026-03-27 04:41:02'),(109,4,'HANAPIER BRANDY (WITH BOX)','2026-03-27 04:41:02'),(110,4,'HANAPIER BRANDY (WITHOUT BOX)','2026-03-27 04:41:02'),(111,5,'ICE','2026-03-27 04:41:02'),(112,5,'GUINNESS ST','2026-03-27 04:41:02'),(113,6,'ALIYA LAGER','2026-03-27 04:41:03'),(114,6,'BISON BREEZE','2026-03-27 04:41:03'),(115,6,'BISON STOUT','2026-03-27 04:41:03'),(116,6,'ANCHOR STRONG','2026-03-27 04:41:03');
/*!40000 ALTER TABLE `brands` ENABLE KEYS */;
UNLOCK TABLES;

--
-- Table structure for table `categories`
--

DROP TABLE IF EXISTS `categories`;
/*!40101 SET @saved_cs_client     = @@character_set_client */;
/*!50503 SET character_set_client = utf8mb4 */;
CREATE TABLE `categories` (
  `id` int NOT NULL AUTO_INCREMENT,
  `category_name` varchar(50) NOT NULL,
  `category_type` enum('qpn','beer') NOT NULL,
  `created_at` timestamp NULL DEFAULT CURRENT_TIMESTAMP,
  PRIMARY KEY (`id`)
) ENGINE=InnoDB AUTO_INCREMENT=7 DEFAULT CHARSET=utf8mb4 COLLATE=utf8mb4_0900_ai_ci;
/*!40101 SET character_set_client = @saved_cs_client */;

--
-- Dumping data for table `categories`
--

LOCK TABLES `categories` WRITE;
/*!40000 ALTER TABLE `categories` DISABLE KEYS */;
INSERT INTO `categories` VALUES (1,'UG','qpn','2026-03-24 04:26:29'),(2,'DCSL','qpn','2026-03-24 04:26:29'),(3,'IDL','qpn','2026-03-24 04:26:29'),(4,'ROCKLAND','qpn','2026-03-24 04:26:29'),(5,'LION BREWERY','beer','2026-03-24 04:26:29'),(6,'DCSL BEER','beer','2026-03-24 04:26:29');
/*!40000 ALTER TABLE `categories` ENABLE KEYS */;
UNLOCK TABLES;

--
-- Table structure for table `notifications`
--

DROP TABLE IF EXISTS `notifications`;
/*!40101 SET @saved_cs_client     = @@character_set_client */;
/*!50503 SET character_set_client = utf8mb4 */;
CREATE TABLE `notifications` (
  `id` int NOT NULL AUTO_INCREMENT,
  `shop_id` int NOT NULL,
  `request_id` int NOT NULL,
  `message` varchar(255) NOT NULL,
  `is_read` tinyint DEFAULT '0',
  `created_at` timestamp NULL DEFAULT CURRENT_TIMESTAMP,
  PRIMARY KEY (`id`),
  KEY `shop_id` (`shop_id`),
  KEY `request_id` (`request_id`),
  CONSTRAINT `notifications_ibfk_1` FOREIGN KEY (`shop_id`) REFERENCES `shops` (`id`),
  CONSTRAINT `notifications_ibfk_2` FOREIGN KEY (`request_id`) REFERENCES `requests` (`id`)
) ENGINE=InnoDB AUTO_INCREMENT=106 DEFAULT CHARSET=utf8mb4 COLLATE=utf8mb4_0900_ai_ci;
/*!40101 SET character_set_client = @saved_cs_client */;

--
-- Dumping data for table `notifications`
--

LOCK TABLES `notifications` WRITE;
/*!40000 ALTER TABLE `notifications` DISABLE KEYS */;
INSERT INTO `notifications` VALUES (65,4,40,'New request submitted',1,'2026-04-03 09:49:51'),(66,4,40,'Your request has been approved',1,'2026-04-03 09:51:01'),(67,16,41,'New request submitted',1,'2026-04-04 03:16:48'),(69,17,42,'Your request has been approved',1,'2026-04-04 03:24:56'),(70,8,43,'New request submitted',0,'2026-04-04 04:14:39'),(71,8,43,'Your request has been approved',1,'2026-04-04 04:15:40'),(72,8,33,'Order has been received by the bar',0,'2026-04-04 04:43:57'),(73,16,41,'Your request has been approved',0,'2026-04-04 04:45:50'),(74,16,41,'Order has been received by the bar',0,'2026-04-04 04:46:21'),(75,14,44,'New request submitted',0,'2026-04-04 08:35:38'),(76,14,44,'Your request has been approved',0,'2026-04-04 08:36:29'),(77,14,44,'Order has been received by the bar',1,'2026-04-04 08:36:41'),(78,19,45,'New request submitted',0,'2026-04-04 08:45:15'),(79,19,46,'New request submitted',0,'2026-04-04 08:46:43'),(80,19,46,'Your request has been approved',0,'2026-04-04 08:48:09'),(81,19,46,'Order has been received by the bar',0,'2026-04-04 08:48:25'),(82,6,47,'New request submitted',0,'2026-04-04 09:02:49'),(83,6,47,'Your request has been approved',0,'2026-04-04 09:03:23'),(84,6,47,'Order has been received by the bar',0,'2026-04-04 09:03:34'),(85,6,48,'New request submitted',0,'2026-04-04 09:05:59'),(86,6,48,'Your request has been approved',0,'2026-04-04 09:06:17'),(87,6,48,'Order has been received by the bar',0,'2026-04-04 09:06:30'),(88,8,49,'New request submitted',0,'2026-04-04 09:53:55'),(89,18,50,'New request submitted',0,'2026-04-04 09:54:33'),(90,6,51,'New request submitted',0,'2026-04-06 05:58:49'),(91,6,51,'Your request has been approved',0,'2026-04-06 05:59:33'),(92,6,52,'New request submitted',0,'2026-04-06 06:01:50'),(93,5,53,'New request submitted',0,'2026-04-06 06:04:35'),(94,5,53,'Your request has been approved',0,'2026-04-06 10:53:48'),(95,12,54,'New request submitted',0,'2026-04-10 03:21:30'),(96,12,54,'Your request has been approved',0,'2026-04-10 03:22:05'),(97,1,55,'New request submitted',0,'2026-04-10 03:29:38'),(98,1,55,'Your request has been approved',0,'2026-04-10 03:32:55'),(99,1,55,'Order has been received by the bar',0,'2026-04-10 03:34:51');
/*!40000 ALTER TABLE `notifications` ENABLE KEYS */;
UNLOCK TABLES;

--
-- Table structure for table `request_items`
--

DROP TABLE IF EXISTS `request_items`;
/*!40101 SET @saved_cs_client     = @@character_set_client */;
/*!50503 SET character_set_client = utf8mb4 */;
CREATE TABLE `request_items` (
  `id` int NOT NULL AUTO_INCREMENT,
  `request_id` int NOT NULL,
  `brand_id` int NOT NULL,
  `present_1` int DEFAULT '0',
  `present_2` int DEFAULT '0',
  `present_3` int DEFAULT '0',
  `present_4` int DEFAULT '0',
  `present_5` int DEFAULT '0',
  `request_1` int DEFAULT '0',
  `request_2` int DEFAULT '0',
  `request_3` int DEFAULT '0',
  `request_4` int DEFAULT '0',
  `request_5` int DEFAULT '0',
  `approved_1` int DEFAULT '0',
  `approved_2` int DEFAULT '0',
  `approved_3` int DEFAULT '0',
  `approved_4` int DEFAULT '0',
  `approved_5` int DEFAULT '0',
  `price_q` decimal(10,2) DEFAULT '0.00',
  `price_p` decimal(10,2) DEFAULT '0.00',
  `price_n` decimal(10,2) DEFAULT '0.00',
  `price_s4` decimal(10,2) DEFAULT '0.00',
  `price_s5` decimal(10,2) DEFAULT '0.00',
  PRIMARY KEY (`id`),
  KEY `request_id` (`request_id`),
  KEY `brand_id` (`brand_id`),
  CONSTRAINT `request_items_ibfk_1` FOREIGN KEY (`request_id`) REFERENCES `requests` (`id`),
  CONSTRAINT `request_items_ibfk_2` FOREIGN KEY (`brand_id`) REFERENCES `brands` (`id`)
) ENGINE=InnoDB AUTO_INCREMENT=884 DEFAULT CHARSET=utf8mb4 COLLATE=utf8mb4_0900_ai_ci;
/*!40101 SET character_set_client = @saved_cs_client */;

--
-- Dumping data for table `request_items`
--

LOCK TABLES `request_items` WRITE;
/*!40000 ALTER TABLE `request_items` DISABLE KEYS */;
INSERT INTO `request_items` VALUES (168,15,107,0,0,0,0,0,0,0,0,0,0,0,0,0,0,0,0.00,0.00,0.00,0.00,0.00),(169,15,108,0,0,0,0,0,0,0,0,0,0,0,0,0,0,0,0.00,0.00,0.00,0.00,0.00),(170,15,67,70,70,70,0,0,30,20,10,0,0,30,20,5,0,0,0.00,0.00,0.00,0.00,0.00),(171,15,68,0,0,0,0,0,0,0,0,0,0,0,0,0,0,0,0.00,0.00,0.00,0.00,0.00),(172,15,69,0,0,0,0,0,0,0,0,0,0,0,0,0,0,0,0.00,0.00,0.00,0.00,0.00),(173,15,70,0,0,0,0,0,0,0,0,0,0,0,0,0,0,0,0.00,0.00,0.00,0.00,0.00),(174,15,71,0,0,0,0,0,0,0,0,0,0,0,0,0,0,0,0.00,0.00,0.00,0.00,0.00),(175,15,72,0,0,0,0,0,0,0,0,0,0,0,0,0,0,0,0.00,0.00,0.00,0.00,0.00),(176,15,73,0,0,0,0,0,0,0,0,0,0,0,0,0,0,0,0.00,0.00,0.00,0.00,0.00),(177,15,74,0,0,0,0,0,0,0,0,0,0,0,0,0,0,0,0.00,0.00,0.00,0.00,0.00),(178,15,75,0,0,0,0,0,0,0,0,0,0,0,0,0,0,0,0.00,0.00,0.00,0.00,0.00),(179,15,76,0,0,0,0,0,0,0,0,0,0,0,0,0,0,0,0.00,0.00,0.00,0.00,0.00),(180,15,77,0,0,0,0,0,0,0,0,0,0,0,0,0,0,0,0.00,0.00,0.00,0.00,0.00),(181,15,78,0,0,0,0,0,0,0,0,0,0,0,0,0,0,0,0.00,0.00,0.00,0.00,0.00),(182,15,79,0,0,0,0,0,0,0,0,0,0,0,0,0,0,0,0.00,0.00,0.00,0.00,0.00),(183,15,109,0,0,0,0,0,0,0,0,0,0,0,0,0,0,0,0.00,0.00,0.00,0.00,0.00),(184,15,110,0,0,0,0,0,0,0,0,0,0,0,0,0,0,0,0.00,0.00,0.00,0.00,0.00),(185,15,80,0,0,0,0,0,0,0,0,0,0,0,0,0,0,0,0.00,0.00,0.00,0.00,0.00),(186,15,81,0,0,0,0,0,0,0,0,0,0,0,0,0,0,0,0.00,0.00,0.00,0.00,0.00),(187,15,82,0,0,0,0,0,0,0,0,0,0,0,0,0,0,0,0.00,0.00,0.00,0.00,0.00),(188,15,83,0,0,0,0,0,0,0,0,0,0,0,0,0,0,0,0.00,0.00,0.00,0.00,0.00),(189,15,84,0,0,0,0,0,0,0,0,0,0,0,0,0,0,0,0.00,0.00,0.00,0.00,0.00),(190,15,85,0,0,0,0,0,0,0,0,0,0,0,0,0,0,0,0.00,0.00,0.00,0.00,0.00),(191,15,86,0,0,0,0,0,0,0,0,0,0,0,0,0,0,0,0.00,0.00,0.00,0.00,0.00),(228,18,87,100,100,100,0,0,50,50,50,0,0,10,10,10,0,0,0.00,0.00,0.00,0.00,0.00),(229,18,88,0,0,0,0,0,0,0,0,0,0,0,0,0,0,0,0.00,0.00,0.00,0.00,0.00),(230,18,89,0,0,0,0,0,0,0,0,0,0,0,0,0,0,0,0.00,0.00,0.00,0.00,0.00),(231,18,90,0,0,0,0,0,0,0,0,0,0,0,0,0,0,0,0.00,0.00,0.00,0.00,0.00),(232,18,91,0,0,0,0,0,0,0,0,0,0,0,0,0,0,0,0.00,0.00,0.00,0.00,0.00),(233,18,92,0,0,0,0,0,0,0,0,0,0,0,0,0,0,0,0.00,0.00,0.00,0.00,0.00),(234,18,93,0,0,0,0,0,0,0,0,0,0,0,0,0,0,0,0.00,0.00,0.00,0.00,0.00),(235,18,94,0,0,0,0,0,0,0,0,0,0,0,0,0,0,0,0.00,0.00,0.00,0.00,0.00),(236,18,95,0,0,0,0,0,0,0,0,0,0,0,0,0,0,0,0.00,0.00,0.00,0.00,0.00),(237,18,98,0,0,0,0,0,0,0,0,0,0,0,0,0,0,0,0.00,0.00,0.00,0.00,0.00),(238,18,99,0,0,0,0,0,0,0,0,0,0,0,0,0,0,0,0.00,0.00,0.00,0.00,0.00),(239,18,100,0,0,0,0,0,0,0,0,0,0,0,0,0,0,0,0.00,0.00,0.00,0.00,0.00),(277,21,1,0,0,0,0,0,12,480,1200,0,0,0,0,0,0,0,0.00,0.00,0.00,0.00,0.00),(278,21,2,0,0,0,0,0,0,0,0,0,0,0,0,0,0,0,0.00,0.00,0.00,0.00,0.00),(279,21,3,0,0,0,0,0,12,500,750,0,0,0,0,0,0,0,0.00,0.00,0.00,0.00,0.00),(280,21,4,0,0,0,0,0,0,0,0,0,0,0,0,0,0,0,0.00,0.00,0.00,0.00,0.00),(281,21,5,0,0,0,0,0,0,0,0,0,0,0,0,0,0,0,0.00,0.00,0.00,0.00,0.00),(282,21,6,0,0,0,0,0,0,0,0,0,0,0,0,0,0,0,0.00,0.00,0.00,0.00,0.00),(283,21,7,0,0,0,0,0,0,0,0,0,0,0,0,0,0,0,0.00,0.00,0.00,0.00,0.00),(284,21,8,0,0,0,0,0,0,0,0,0,0,0,0,0,0,0,0.00,0.00,0.00,0.00,0.00),(285,21,9,0,0,0,0,0,0,0,0,0,0,0,0,0,0,0,0.00,0.00,0.00,0.00,0.00),(286,21,10,0,0,0,0,0,0,0,0,0,0,0,0,0,0,0,0.00,0.00,0.00,0.00,0.00),(287,21,11,0,0,0,0,0,0,0,0,0,0,0,0,0,0,0,0.00,0.00,0.00,0.00,0.00),(288,21,12,0,0,0,0,0,0,0,0,0,0,0,0,0,0,0,0.00,0.00,0.00,0.00,0.00),(289,21,13,0,0,0,0,0,0,0,0,0,0,0,0,0,0,0,0.00,0.00,0.00,0.00,0.00),(290,22,1,0,0,0,0,0,0,0,0,0,0,0,0,0,0,0,0.00,0.00,0.00,0.00,0.00),(291,22,2,0,0,0,0,0,0,0,0,0,0,0,0,0,0,0,0.00,0.00,0.00,0.00,0.00),(292,22,3,0,0,0,0,0,0,0,0,0,0,0,0,0,0,0,0.00,0.00,0.00,0.00,0.00),(293,22,4,0,0,0,0,0,0,0,0,0,0,0,0,0,0,0,0.00,0.00,0.00,0.00,0.00),(294,22,5,0,0,0,0,0,0,0,0,0,0,0,0,0,0,0,0.00,0.00,0.00,0.00,0.00),(295,22,6,0,0,0,0,0,0,0,0,0,0,0,0,0,0,0,0.00,0.00,0.00,0.00,0.00),(296,22,7,0,0,0,0,0,0,0,0,0,0,0,0,0,0,0,0.00,0.00,0.00,0.00,0.00),(297,22,8,0,0,0,0,0,0,0,0,0,0,0,0,0,0,0,0.00,0.00,0.00,0.00,0.00),(298,22,9,0,0,0,0,0,0,0,0,0,0,0,0,0,0,0,0.00,0.00,0.00,0.00,0.00),(299,22,10,0,0,0,0,0,0,0,0,0,0,0,0,0,0,0,0.00,0.00,0.00,0.00,0.00),(300,22,11,0,0,0,0,0,0,0,0,0,0,0,0,0,0,0,0.00,0.00,0.00,0.00,0.00),(301,22,12,0,0,0,0,0,0,0,0,0,0,0,0,0,0,0,0.00,0.00,0.00,0.00,0.00),(302,22,13,100,100,100,0,0,5,5,5,0,0,5,5,5,0,0,0.00,0.00,0.00,0.00,0.00),(303,23,87,0,0,0,0,0,0,0,0,0,0,0,0,0,0,0,0.00,0.00,0.00,0.00,0.00),(304,23,88,0,0,0,0,0,0,0,0,0,0,0,0,0,0,0,0.00,0.00,0.00,0.00,0.00),(305,23,89,0,0,0,0,0,0,0,0,0,0,0,0,0,0,0,0.00,0.00,0.00,0.00,0.00),(306,23,90,0,0,0,0,0,0,0,0,0,0,0,0,0,0,0,0.00,0.00,0.00,0.00,0.00),(307,23,91,0,0,0,0,0,0,0,0,0,0,0,0,0,0,0,0.00,0.00,0.00,0.00,0.00),(308,23,92,0,0,0,0,0,0,0,0,0,0,0,0,0,0,0,0.00,0.00,0.00,0.00,0.00),(309,23,93,0,100,0,0,0,0,10,0,0,0,0,6,0,0,0,0.00,0.00,0.00,0.00,0.00),(310,23,94,0,0,0,0,0,0,0,0,0,0,0,0,0,0,0,0.00,0.00,0.00,0.00,0.00),(311,23,95,0,0,0,0,0,0,0,0,0,0,0,0,0,0,0,0.00,0.00,0.00,0.00,0.00),(312,23,98,0,0,0,0,0,0,0,0,0,0,0,0,0,0,0,0.00,0.00,0.00,0.00,0.00),(313,23,99,0,0,0,0,0,0,0,0,0,0,0,0,0,0,0,0.00,0.00,0.00,0.00,0.00),(314,23,100,0,0,0,0,0,0,0,0,0,0,0,0,0,0,0,0.00,0.00,0.00,0.00,0.00),(315,24,14,70,80,70,0,0,10,10,10,0,0,10,10,10,0,0,0.00,0.00,0.00,0.00,0.00),(316,24,15,0,0,0,0,0,0,0,0,0,0,0,0,0,0,0,0.00,0.00,0.00,0.00,0.00),(317,24,16,0,0,0,0,0,0,0,0,0,0,0,0,0,0,0,0.00,0.00,0.00,0.00,0.00),(318,24,17,0,0,0,0,0,0,0,0,0,0,0,0,0,0,0,0.00,0.00,0.00,0.00,0.00),(319,24,18,0,0,0,0,0,0,0,0,0,0,0,0,0,0,0,0.00,0.00,0.00,0.00,0.00),(320,24,19,0,0,0,0,0,0,0,0,0,0,0,0,0,0,0,0.00,0.00,0.00,0.00,0.00),(321,24,20,0,0,0,0,0,0,0,0,0,0,0,0,0,0,0,0.00,0.00,0.00,0.00,0.00),(322,24,21,0,0,0,0,0,0,0,0,0,0,0,0,0,0,0,0.00,0.00,0.00,0.00,0.00),(323,24,22,0,0,0,0,0,0,0,0,0,0,0,0,0,0,0,0.00,0.00,0.00,0.00,0.00),(324,24,23,0,0,0,0,0,0,0,0,0,0,0,0,0,0,0,0.00,0.00,0.00,0.00,0.00),(325,24,24,0,0,0,0,0,0,0,0,0,0,0,0,0,0,0,0.00,0.00,0.00,0.00,0.00),(326,24,25,0,0,0,0,0,0,0,0,0,0,0,0,0,0,0,0.00,0.00,0.00,0.00,0.00),(327,24,26,0,0,0,0,0,0,0,0,0,0,0,0,0,0,0,0.00,0.00,0.00,0.00,0.00),(328,24,27,0,0,0,0,0,0,0,0,0,0,0,0,0,0,0,0.00,0.00,0.00,0.00,0.00),(329,24,28,0,0,0,0,0,0,0,0,0,0,0,0,0,0,0,0.00,0.00,0.00,0.00,0.00),(330,24,29,0,0,0,0,0,0,0,0,0,0,0,0,0,0,0,0.00,0.00,0.00,0.00,0.00),(331,24,30,0,0,0,0,0,0,0,0,0,0,0,0,0,0,0,0.00,0.00,0.00,0.00,0.00),(332,24,31,0,0,0,0,0,0,0,0,0,0,0,0,0,0,0,0.00,0.00,0.00,0.00,0.00),(333,24,32,0,0,0,0,0,0,0,0,0,0,0,0,0,0,0,0.00,0.00,0.00,0.00,0.00),(334,24,33,0,0,0,0,0,0,0,0,0,0,0,0,0,0,0,0.00,0.00,0.00,0.00,0.00),(335,24,34,0,0,0,0,0,0,0,0,0,0,0,0,0,0,0,0.00,0.00,0.00,0.00,0.00),(336,24,35,0,0,0,0,0,0,0,0,0,0,0,0,0,0,0,0.00,0.00,0.00,0.00,0.00),(337,24,36,0,0,0,0,0,0,0,0,0,0,0,0,0,0,0,0.00,0.00,0.00,0.00,0.00),(338,24,37,0,0,0,0,0,0,0,0,0,0,0,0,0,0,0,0.00,0.00,0.00,0.00,0.00),(339,24,38,0,0,0,0,0,0,0,0,0,0,0,0,0,0,0,0.00,0.00,0.00,0.00,0.00),(340,24,39,0,0,0,0,0,0,0,0,0,0,0,0,0,0,0,0.00,0.00,0.00,0.00,0.00),(341,24,40,0,0,0,0,0,0,0,0,0,0,0,0,0,0,0,0.00,0.00,0.00,0.00,0.00),(342,24,41,0,0,0,0,0,0,0,0,0,0,0,0,0,0,0,0.00,0.00,0.00,0.00,0.00),(343,25,42,0,0,0,0,0,70,80,10,0,0,70,70,10,0,0,0.00,0.00,0.00,0.00,0.00),(344,25,43,0,0,0,0,0,0,0,0,0,0,0,0,0,0,0,0.00,0.00,0.00,0.00,0.00),(345,25,44,0,0,0,0,0,0,0,0,0,0,0,0,0,0,0,0.00,0.00,0.00,0.00,0.00),(346,25,45,0,0,0,0,0,0,0,0,0,0,0,0,0,0,0,0.00,0.00,0.00,0.00,0.00),(347,25,46,0,0,0,0,0,0,0,0,0,0,0,0,0,0,0,0.00,0.00,0.00,0.00,0.00),(348,25,47,0,0,0,0,0,0,0,0,0,0,0,0,0,0,0,0.00,0.00,0.00,0.00,0.00),(349,25,48,0,0,0,0,0,0,0,0,0,0,0,0,0,0,0,0.00,0.00,0.00,0.00,0.00),(350,25,49,0,0,0,0,0,0,0,0,0,0,0,0,0,0,0,0.00,0.00,0.00,0.00,0.00),(351,25,50,0,0,0,0,0,0,0,0,0,0,0,0,0,0,0,0.00,0.00,0.00,0.00,0.00),(352,25,51,0,0,0,0,0,0,0,0,0,0,0,0,0,0,0,0.00,0.00,0.00,0.00,0.00),(353,25,52,0,0,0,0,0,0,0,0,0,0,0,0,0,0,0,0.00,0.00,0.00,0.00,0.00),(354,25,53,0,0,0,0,0,0,0,0,0,0,0,0,0,0,0,0.00,0.00,0.00,0.00,0.00),(355,25,54,0,0,0,0,0,0,0,0,0,0,0,0,0,0,0,0.00,0.00,0.00,0.00,0.00),(356,25,55,0,0,0,0,0,0,0,0,0,0,0,0,0,0,0,0.00,0.00,0.00,0.00,0.00),(357,25,56,0,0,0,0,0,0,0,0,0,0,0,0,0,0,0,0.00,0.00,0.00,0.00,0.00),(358,25,57,0,0,0,0,0,0,0,0,0,0,0,0,0,0,0,0.00,0.00,0.00,0.00,0.00),(359,25,58,0,0,0,0,0,0,0,0,0,0,0,0,0,0,0,0.00,0.00,0.00,0.00,0.00),(360,25,59,0,0,0,0,0,0,0,0,0,0,0,0,0,0,0,0.00,0.00,0.00,0.00,0.00),(361,25,60,0,0,0,0,0,0,0,0,0,0,0,0,0,0,0,0.00,0.00,0.00,0.00,0.00),(362,25,61,0,0,0,0,0,0,0,0,0,0,0,0,0,0,0,0.00,0.00,0.00,0.00,0.00),(363,25,62,0,0,0,0,0,0,0,0,0,0,0,0,0,0,0,0.00,0.00,0.00,0.00,0.00),(364,25,63,0,0,0,0,0,0,0,0,0,0,0,0,0,0,0,0.00,0.00,0.00,0.00,0.00),(365,25,64,0,0,0,0,0,0,0,0,0,0,0,0,0,0,0,0.00,0.00,0.00,0.00,0.00),(366,25,65,0,0,0,0,0,0,0,0,0,0,0,0,0,0,0,0.00,0.00,0.00,0.00,0.00),(367,25,66,0,0,0,0,0,0,0,0,0,0,0,0,0,0,0,0.00,0.00,0.00,0.00,0.00),(381,27,14,100,100,100,0,0,80,80,80,0,0,0,0,0,0,0,0.00,0.00,0.00,0.00,0.00),(382,27,15,0,0,0,0,0,0,0,0,0,0,0,0,0,0,0,0.00,0.00,0.00,0.00,0.00),(383,27,16,0,0,0,0,0,0,0,0,0,0,0,0,0,0,0,0.00,0.00,0.00,0.00,0.00),(384,27,17,0,0,0,0,0,0,0,0,0,0,0,0,0,0,0,0.00,0.00,0.00,0.00,0.00),(385,27,18,0,0,0,0,0,0,0,0,0,0,0,0,0,0,0,0.00,0.00,0.00,0.00,0.00),(386,27,19,0,0,0,0,0,0,0,0,0,0,0,0,0,0,0,0.00,0.00,0.00,0.00,0.00),(387,27,20,0,0,0,0,0,0,0,0,0,0,0,0,0,0,0,0.00,0.00,0.00,0.00,0.00),(388,27,21,0,0,0,0,0,0,0,0,0,0,0,0,0,0,0,0.00,0.00,0.00,0.00,0.00),(389,27,22,0,0,0,0,0,0,0,0,0,0,0,0,0,0,0,0.00,0.00,0.00,0.00,0.00),(390,27,23,0,0,0,0,0,0,0,0,0,0,0,0,0,0,0,0.00,0.00,0.00,0.00,0.00),(391,27,24,0,0,0,0,0,0,0,0,0,0,0,0,0,0,0,0.00,0.00,0.00,0.00,0.00),(392,27,25,0,0,0,0,0,0,0,0,0,0,0,0,0,0,0,0.00,0.00,0.00,0.00,0.00),(393,27,26,0,0,0,0,0,0,0,0,0,0,0,0,0,0,0,0.00,0.00,0.00,0.00,0.00),(394,27,27,0,0,0,0,0,0,0,0,0,0,0,0,0,0,0,0.00,0.00,0.00,0.00,0.00),(395,27,28,0,0,0,0,0,0,0,0,0,0,0,0,0,0,0,0.00,0.00,0.00,0.00,0.00),(396,27,29,0,0,0,0,0,0,0,0,0,0,0,0,0,0,0,0.00,0.00,0.00,0.00,0.00),(397,27,30,0,0,0,0,0,0,0,0,0,0,0,0,0,0,0,0.00,0.00,0.00,0.00,0.00),(398,27,31,0,0,0,0,0,0,0,0,0,0,0,0,0,0,0,0.00,0.00,0.00,0.00,0.00),(399,27,32,0,0,0,0,0,0,0,0,0,0,0,0,0,0,0,0.00,0.00,0.00,0.00,0.00),(400,27,33,0,0,0,0,0,0,0,0,0,0,0,0,0,0,0,0.00,0.00,0.00,0.00,0.00),(401,27,34,0,0,0,0,0,0,0,0,0,0,0,0,0,0,0,0.00,0.00,0.00,0.00,0.00),(402,27,35,0,0,0,0,0,0,0,0,0,0,0,0,0,0,0,0.00,0.00,0.00,0.00,0.00),(403,27,36,0,0,0,0,0,0,0,0,0,0,0,0,0,0,0,0.00,0.00,0.00,0.00,0.00),(404,27,37,0,0,0,0,0,0,0,0,0,0,0,0,0,0,0,0.00,0.00,0.00,0.00,0.00),(405,27,38,0,0,0,0,0,0,0,0,0,0,0,0,0,0,0,0.00,0.00,0.00,0.00,0.00),(406,27,39,0,0,0,0,0,0,0,0,0,0,0,0,0,0,0,0.00,0.00,0.00,0.00,0.00),(407,27,40,0,0,0,0,0,0,0,0,0,0,0,0,0,0,0,0.00,0.00,0.00,0.00,0.00),(408,27,41,0,0,0,0,0,0,0,0,0,0,0,0,0,0,0,0.00,0.00,0.00,0.00,0.00),(409,28,87,80,30,0,0,0,60,10,0,0,0,50,10,0,0,0,0.00,0.00,0.00,0.00,0.00),(410,28,88,0,0,0,0,0,0,0,0,0,0,0,0,0,0,0,0.00,0.00,0.00,0.00,0.00),(411,28,89,0,0,0,0,0,0,0,0,0,0,0,0,0,0,0,0.00,0.00,0.00,0.00,0.00),(412,28,90,0,0,0,0,0,0,0,0,0,0,0,0,0,0,0,0.00,0.00,0.00,0.00,0.00),(413,28,91,0,0,0,0,0,0,0,0,0,0,0,0,0,0,0,0.00,0.00,0.00,0.00,0.00),(414,28,92,0,0,0,0,0,0,0,0,0,0,0,0,0,0,0,0.00,0.00,0.00,0.00,0.00),(415,28,93,0,0,0,0,0,0,0,0,0,0,0,0,0,0,0,0.00,0.00,0.00,0.00,0.00),(416,28,94,0,0,0,0,0,0,0,0,0,0,0,0,0,0,0,0.00,0.00,0.00,0.00,0.00),(417,28,95,0,0,0,0,0,0,0,0,0,0,0,0,0,0,0,0.00,0.00,0.00,0.00,0.00),(418,28,98,0,0,0,0,0,0,0,0,0,0,0,0,0,0,0,0.00,0.00,0.00,0.00,0.00),(419,28,99,0,0,0,0,0,0,0,0,0,0,0,0,0,0,0,0.00,0.00,0.00,0.00,0.00),(420,28,100,0,0,0,0,0,0,0,0,0,0,0,0,0,0,0,0.00,0.00,0.00,0.00,0.00),(421,28,111,0,0,0,0,0,0,0,0,0,0,0,0,0,0,0,0.00,0.00,0.00,0.00,0.00),(422,28,112,0,0,0,0,0,0,0,0,0,0,0,0,0,0,0,0.00,0.00,0.00,0.00,0.00),(423,29,1,70,80,0,0,0,10,10,0,0,0,10,10,0,0,0,0.00,0.00,0.00,0.00,0.00),(424,29,2,0,0,0,0,0,0,0,0,0,0,0,0,0,0,0,0.00,0.00,0.00,0.00,0.00),(425,29,3,0,0,0,0,0,0,0,0,0,0,0,0,0,0,0,0.00,0.00,0.00,0.00,0.00),(426,29,4,0,0,0,0,0,0,0,0,0,0,0,0,0,0,0,0.00,0.00,0.00,0.00,0.00),(427,29,5,0,0,0,0,0,0,0,0,0,0,0,0,0,0,0,0.00,0.00,0.00,0.00,0.00),(428,29,6,0,0,0,0,0,0,0,0,0,0,0,0,0,0,0,0.00,0.00,0.00,0.00,0.00),(429,29,7,0,0,0,0,0,0,0,0,0,0,0,0,0,0,0,0.00,0.00,0.00,0.00,0.00),(430,29,8,0,0,0,0,0,0,0,0,0,0,0,0,0,0,0,0.00,0.00,0.00,0.00,0.00),(431,29,9,0,0,0,0,0,0,0,0,0,0,0,0,0,0,0,0.00,0.00,0.00,0.00,0.00),(432,29,10,0,0,0,0,0,0,0,0,0,0,0,0,0,0,0,0.00,0.00,0.00,0.00,0.00),(433,29,11,0,0,0,0,0,0,0,0,0,0,0,0,0,0,0,0.00,0.00,0.00,0.00,0.00),(434,29,12,0,0,0,0,0,0,0,0,0,0,0,0,0,0,0,0.00,0.00,0.00,0.00,0.00),(435,29,13,0,0,0,0,0,0,0,0,0,0,0,0,0,0,0,0.00,0.00,0.00,0.00,0.00),(436,30,1,10,0,0,0,0,0,0,0,0,0,10,0,0,0,0,0.00,0.00,0.00,0.00,0.00),(437,30,2,0,0,0,0,0,0,0,0,0,0,0,0,0,0,0,0.00,0.00,0.00,0.00,0.00),(438,30,3,0,0,0,0,0,0,0,0,0,0,0,0,0,0,0,0.00,0.00,0.00,0.00,0.00),(439,30,4,0,0,0,0,0,0,0,0,0,0,0,0,0,0,0,0.00,0.00,0.00,0.00,0.00),(440,30,5,0,0,0,0,0,0,0,0,0,0,0,0,0,0,0,0.00,0.00,0.00,0.00,0.00),(441,30,6,0,0,0,0,0,0,0,0,0,0,0,0,0,0,0,0.00,0.00,0.00,0.00,0.00),(442,30,7,0,0,0,0,0,0,0,0,0,0,0,0,0,0,0,0.00,0.00,0.00,0.00,0.00),(443,30,8,0,0,0,0,0,0,0,0,0,0,0,0,0,0,0,0.00,0.00,0.00,0.00,0.00),(444,30,9,0,0,0,0,0,0,0,0,0,0,0,0,0,0,0,0.00,0.00,0.00,0.00,0.00),(445,30,10,0,0,0,0,0,0,0,0,0,0,0,0,0,0,0,0.00,0.00,0.00,0.00,0.00),(446,30,11,0,0,0,0,0,0,0,0,0,0,0,0,0,0,0,0.00,0.00,0.00,0.00,0.00),(447,30,12,0,0,0,0,0,0,0,0,0,0,0,0,0,0,0,0.00,0.00,0.00,0.00,0.00),(448,30,13,0,0,0,0,0,0,0,0,0,0,0,0,0,0,0,0.00,0.00,0.00,0.00,0.00),(450,31,1,0,0,0,0,0,0,0,0,0,0,0,0,0,0,0,0.00,0.00,0.00,0.00,0.00),(451,31,2,0,0,0,0,0,0,0,0,0,0,0,0,0,0,0,0.00,0.00,0.00,0.00,0.00),(452,31,3,0,0,0,0,0,0,0,0,0,0,0,0,0,0,0,0.00,0.00,0.00,0.00,0.00),(453,31,4,0,0,0,0,0,0,0,0,0,0,0,0,0,0,0,0.00,0.00,0.00,0.00,0.00),(454,31,5,0,0,0,0,0,0,0,0,0,0,0,0,0,0,0,0.00,0.00,0.00,0.00,0.00),(455,31,6,0,0,0,0,0,0,0,0,0,0,0,0,0,0,0,0.00,0.00,0.00,0.00,0.00),(456,31,7,0,0,0,0,0,0,0,0,0,0,0,0,0,0,0,0.00,0.00,0.00,0.00,0.00),(457,31,8,0,0,0,0,0,0,0,0,0,0,0,0,0,0,0,0.00,0.00,0.00,0.00,0.00),(458,31,9,0,0,0,0,0,0,0,0,0,0,0,0,0,0,0,0.00,0.00,0.00,0.00,0.00),(459,31,10,0,0,0,0,0,0,0,0,0,0,0,0,0,0,0,0.00,0.00,0.00,0.00,0.00),(460,31,11,0,0,0,0,0,0,0,0,0,0,0,0,0,0,0,0.00,0.00,0.00,0.00,0.00),(461,31,12,0,0,0,0,0,0,0,0,0,0,0,0,0,0,0,0.00,0.00,0.00,0.00,0.00),(462,31,13,0,0,0,0,0,0,0,0,0,0,0,0,0,0,0,0.00,0.00,0.00,0.00,0.00),(464,32,1,10,0,0,0,0,0,0,0,0,0,0,0,0,0,0,0.00,0.00,0.00,0.00,0.00),(465,32,2,0,0,0,0,0,0,0,0,0,0,0,0,0,0,0,0.00,0.00,0.00,0.00,0.00),(466,32,3,0,0,0,0,0,0,0,0,0,0,0,0,0,0,0,0.00,0.00,0.00,0.00,0.00),(467,32,4,0,0,0,0,0,0,0,0,0,0,0,0,0,0,0,0.00,0.00,0.00,0.00,0.00),(468,32,5,0,0,0,0,0,0,0,0,0,0,0,0,0,0,0,0.00,0.00,0.00,0.00,0.00),(469,32,6,0,0,0,0,0,0,0,0,0,0,0,0,0,0,0,0.00,0.00,0.00,0.00,0.00),(470,32,7,0,0,0,0,0,0,0,0,0,0,0,0,0,0,0,0.00,0.00,0.00,0.00,0.00),(471,32,8,0,0,0,0,0,0,0,0,0,0,0,0,0,0,0,0.00,0.00,0.00,0.00,0.00),(472,32,9,0,0,0,0,0,0,0,0,0,0,0,0,0,0,0,0.00,0.00,0.00,0.00,0.00),(473,32,10,0,0,0,0,0,0,0,0,0,0,0,0,0,0,0,0.00,0.00,0.00,0.00,0.00),(474,32,11,0,0,0,0,0,0,0,0,0,0,0,0,0,0,0,0.00,0.00,0.00,0.00,0.00),(475,32,12,0,0,0,0,0,0,0,0,0,0,0,0,0,0,0,0.00,0.00,0.00,0.00,0.00),(476,32,13,0,0,0,0,0,0,0,0,0,0,0,0,0,0,0,0.00,0.00,0.00,0.00,0.00),(478,33,14,700,80,90,0,0,600,15,10,0,0,100,80,50,0,0,0.00,0.00,0.00,0.00,0.00),(479,33,15,0,0,0,0,0,0,0,0,0,0,0,0,0,0,0,0.00,0.00,0.00,0.00,0.00),(480,33,16,0,0,0,0,0,0,0,0,0,0,0,0,0,0,0,0.00,0.00,0.00,0.00,0.00),(481,33,17,0,0,0,0,0,0,0,0,0,0,0,0,0,0,0,0.00,0.00,0.00,0.00,0.00),(482,33,18,0,0,0,0,0,0,0,0,0,0,0,0,0,0,0,0.00,0.00,0.00,0.00,0.00),(483,33,19,0,0,0,0,0,0,0,0,0,0,0,0,0,0,0,0.00,0.00,0.00,0.00,0.00),(484,33,20,0,0,0,0,0,0,0,0,0,0,0,0,0,0,0,0.00,0.00,0.00,0.00,0.00),(485,33,21,0,0,0,0,0,0,0,0,0,0,0,0,0,0,0,0.00,0.00,0.00,0.00,0.00),(486,33,22,0,0,0,0,0,0,0,0,0,0,0,0,0,0,0,0.00,0.00,0.00,0.00,0.00),(487,33,23,0,0,0,0,0,0,0,0,0,0,0,0,0,0,0,0.00,0.00,0.00,0.00,0.00),(488,33,24,0,0,0,0,0,0,0,0,0,0,0,0,0,0,0,0.00,0.00,0.00,0.00,0.00),(489,33,25,0,0,0,0,0,0,0,0,0,0,0,0,0,0,0,0.00,0.00,0.00,0.00,0.00),(490,33,26,0,0,0,0,0,0,0,0,0,0,0,0,0,0,0,0.00,0.00,0.00,0.00,0.00),(491,33,27,0,0,0,0,0,0,0,0,0,0,0,0,0,0,0,0.00,0.00,0.00,0.00,0.00),(492,33,28,0,0,0,0,0,0,0,0,0,0,0,0,0,0,0,0.00,0.00,0.00,0.00,0.00),(493,33,29,0,0,0,0,0,0,0,0,0,0,0,0,0,0,0,0.00,0.00,0.00,0.00,0.00),(494,33,30,0,0,0,0,0,0,0,0,0,0,0,0,0,0,0,0.00,0.00,0.00,0.00,0.00),(495,33,31,0,0,0,0,0,0,0,0,0,0,0,0,0,0,0,0.00,0.00,0.00,0.00,0.00),(496,33,32,0,0,0,0,0,0,0,0,0,0,0,0,0,0,0,0.00,0.00,0.00,0.00,0.00),(497,33,33,0,0,0,0,0,0,0,0,0,0,0,0,0,0,0,0.00,0.00,0.00,0.00,0.00),(498,33,34,0,0,0,0,0,0,0,0,0,0,0,0,0,0,0,0.00,0.00,0.00,0.00,0.00),(499,33,35,0,0,0,0,0,0,0,0,0,0,0,0,0,0,0,0.00,0.00,0.00,0.00,0.00),(500,33,36,0,0,0,0,0,0,0,0,0,0,0,0,0,0,0,0.00,0.00,0.00,0.00,0.00),(501,33,37,0,0,0,0,0,0,0,0,0,0,0,0,0,0,0,0.00,0.00,0.00,0.00,0.00),(502,33,38,0,0,0,0,0,0,0,0,0,0,0,0,0,0,0,0.00,0.00,0.00,0.00,0.00),(503,33,39,0,0,0,0,0,0,0,0,0,0,0,0,0,0,0,0.00,0.00,0.00,0.00,0.00),(504,33,40,0,0,0,0,0,0,0,0,0,0,0,0,0,0,0,0.00,0.00,0.00,0.00,0.00),(505,33,41,0,0,0,0,0,0,0,0,0,0,0,0,0,0,0,0.00,0.00,0.00,0.00,0.00),(506,34,1,70,50,70,0,0,70,70,70,0,0,50,50,50,0,0,0.00,0.00,0.00,0.00,0.00),(507,34,2,0,0,0,0,0,0,0,0,0,0,0,0,0,0,0,0.00,0.00,0.00,0.00,0.00),(508,34,3,0,0,0,0,0,0,0,0,0,0,0,0,0,0,0,0.00,0.00,0.00,0.00,0.00),(509,34,4,0,0,0,0,0,0,0,0,0,0,0,0,0,0,0,0.00,0.00,0.00,0.00,0.00),(510,34,5,0,0,0,0,0,0,0,0,0,0,0,0,0,0,0,0.00,0.00,0.00,0.00,0.00),(511,34,6,0,0,0,0,0,0,0,0,0,0,0,0,0,0,0,0.00,0.00,0.00,0.00,0.00),(512,34,7,0,0,0,0,0,0,0,0,0,0,0,0,0,0,0,0.00,0.00,0.00,0.00,0.00),(513,34,8,0,0,0,0,0,0,0,0,0,0,0,0,0,0,0,0.00,0.00,0.00,0.00,0.00),(514,34,9,0,0,0,0,0,0,0,0,0,0,0,0,0,0,0,0.00,0.00,0.00,0.00,0.00),(515,34,10,0,0,0,0,0,0,0,0,0,0,0,0,0,0,0,0.00,0.00,0.00,0.00,0.00),(516,34,11,0,0,0,0,0,0,0,0,0,0,0,0,0,0,0,0.00,0.00,0.00,0.00,0.00),(517,34,12,0,0,0,0,0,0,0,0,0,0,0,0,0,0,0,0.00,0.00,0.00,0.00,0.00),(518,34,13,0,0,0,0,0,0,0,0,0,0,0,0,0,0,0,0.00,0.00,0.00,0.00,0.00),(520,35,1,0,0,0,0,0,0,0,0,0,0,0,0,0,0,0,0.00,0.00,0.00,0.00,0.00),(521,35,2,0,0,0,0,0,0,0,0,0,0,0,0,0,0,0,0.00,0.00,0.00,0.00,0.00),(522,35,3,0,0,0,0,0,0,0,0,0,0,0,0,0,0,0,0.00,0.00,0.00,0.00,0.00),(523,35,4,0,0,0,0,0,0,0,0,0,0,0,0,0,0,0,0.00,0.00,0.00,0.00,0.00),(524,35,5,0,0,0,0,0,0,0,0,0,0,0,0,0,0,0,0.00,0.00,0.00,0.00,0.00),(525,35,6,0,0,0,0,0,0,0,0,0,0,0,0,0,0,0,0.00,0.00,0.00,0.00,0.00),(526,35,7,0,0,0,0,0,0,0,0,0,0,0,0,0,0,0,0.00,0.00,0.00,0.00,0.00),(527,35,8,0,0,0,0,0,0,0,0,0,0,0,0,0,0,0,0.00,0.00,0.00,0.00,0.00),(528,35,9,0,0,0,0,0,0,0,0,0,0,0,0,0,0,0,0.00,0.00,0.00,0.00,0.00),(529,35,10,0,0,0,0,0,0,0,0,0,0,0,0,0,0,0,0.00,0.00,0.00,0.00,0.00),(530,35,11,0,0,0,0,0,0,0,0,0,0,0,0,0,0,0,0.00,0.00,0.00,0.00,0.00),(531,35,12,0,0,0,0,0,0,0,0,0,0,0,0,0,0,0,0.00,0.00,0.00,0.00,0.00),(532,35,13,0,0,0,0,0,0,0,0,0,0,0,0,0,0,0,0.00,0.00,0.00,0.00,0.00),(534,36,1,80,80,90,0,0,70,80,80,0,0,50,50,79,0,0,0.00,0.00,0.00,0.00,0.00),(535,36,2,0,0,0,0,0,0,0,0,0,0,0,0,0,0,0,0.00,0.00,0.00,0.00,0.00),(536,36,3,0,0,0,0,0,0,0,0,0,0,0,0,0,0,0,0.00,0.00,0.00,0.00,0.00),(537,36,4,0,0,0,0,0,0,0,0,0,0,0,0,0,0,0,0.00,0.00,0.00,0.00,0.00),(538,36,5,0,0,0,0,0,0,0,0,0,0,0,0,0,0,0,0.00,0.00,0.00,0.00,0.00),(539,36,6,0,0,0,0,0,0,0,0,0,0,0,0,0,0,0,0.00,0.00,0.00,0.00,0.00),(540,36,7,0,0,0,0,0,0,0,0,0,0,0,0,0,0,0,0.00,0.00,0.00,0.00,0.00),(541,36,8,0,0,0,0,0,0,0,0,0,0,0,0,0,0,0,0.00,0.00,0.00,0.00,0.00),(542,36,9,0,0,0,0,0,0,0,0,0,0,0,0,0,0,0,0.00,0.00,0.00,0.00,0.00),(543,36,10,0,0,0,0,0,0,0,0,0,0,0,0,0,0,0,0.00,0.00,0.00,0.00,0.00),(544,36,11,0,0,0,0,0,0,0,0,0,0,0,0,0,0,0,0.00,0.00,0.00,0.00,0.00),(545,36,12,0,0,0,0,0,0,0,0,0,0,0,0,0,0,0,0.00,0.00,0.00,0.00,0.00),(546,36,13,0,0,0,0,0,0,0,0,0,0,0,0,0,0,0,0.00,0.00,0.00,0.00,0.00),(547,37,101,80,80,700,50,0,80,0,0,0,0,80,0,0,0,0,0.00,0.00,0.00,0.00,0.00),(548,37,102,0,0,0,0,0,0,0,0,0,0,0,0,0,0,0,0.00,0.00,0.00,0.00,0.00),(549,37,103,0,0,0,0,0,0,0,0,0,0,0,0,0,0,0,0.00,0.00,0.00,0.00,0.00),(550,37,104,0,0,0,0,0,0,0,0,0,0,0,0,0,0,0,0.00,0.00,0.00,0.00,0.00),(551,37,105,0,0,0,0,0,0,0,0,0,0,0,0,0,0,0,0.00,0.00,0.00,0.00,0.00),(552,37,106,0,0,0,0,0,0,0,0,0,0,0,0,0,0,0,0.00,0.00,0.00,0.00,0.00),(553,37,113,0,0,0,0,0,0,0,0,0,0,0,0,0,0,0,0.00,0.00,0.00,0.00,0.00),(554,37,114,0,0,0,0,0,0,0,0,0,0,0,0,0,0,0,0.00,0.00,0.00,0.00,0.00),(555,37,115,0,0,0,0,0,0,0,0,0,0,0,0,0,0,0,0.00,0.00,0.00,0.00,0.00),(556,37,116,0,0,0,0,0,0,0,0,0,0,0,0,0,0,0,0.00,0.00,0.00,0.00,0.00),(557,38,1,80,80,80,0,0,10,10,10,0,0,10,10,10,0,0,0.00,0.00,0.00,0.00,0.00),(558,38,2,0,0,0,0,0,0,0,0,0,0,0,0,0,0,0,0.00,0.00,0.00,0.00,0.00),(559,38,3,0,0,0,0,0,0,0,0,0,0,0,0,0,0,0,0.00,0.00,0.00,0.00,0.00),(560,38,4,0,0,0,0,0,0,0,0,0,0,0,0,0,0,0,0.00,0.00,0.00,0.00,0.00),(561,38,5,0,0,0,0,0,0,0,0,0,0,0,0,0,0,0,0.00,0.00,0.00,0.00,0.00),(562,38,6,0,0,0,0,0,0,0,0,0,0,0,0,0,0,0,0.00,0.00,0.00,0.00,0.00),(563,38,7,0,0,0,0,0,0,0,0,0,0,0,0,0,0,0,0.00,0.00,0.00,0.00,0.00),(564,38,8,0,0,0,0,0,0,0,0,0,0,0,0,0,0,0,0.00,0.00,0.00,0.00,0.00),(565,38,9,0,0,0,0,0,0,0,0,0,0,0,0,0,0,0,0.00,0.00,0.00,0.00,0.00),(566,38,10,0,0,0,0,0,0,0,0,0,0,0,0,0,0,0,0.00,0.00,0.00,0.00,0.00),(567,38,11,0,0,0,0,0,0,0,0,0,0,0,0,0,0,0,0.00,0.00,0.00,0.00,0.00),(568,38,12,0,0,0,0,0,0,0,0,0,0,0,0,0,0,0,0.00,0.00,0.00,0.00,0.00),(569,38,13,0,0,0,0,0,0,0,0,0,0,0,0,0,0,0,0.00,0.00,0.00,0.00,0.00),(570,39,1,100,100,200,0,0,100,100,100,0,0,0,0,0,0,0,0.00,0.00,0.00,0.00,0.00),(571,39,2,0,0,0,0,0,0,0,0,0,0,0,0,0,0,0,0.00,0.00,0.00,0.00,0.00),(572,39,3,0,0,0,0,0,0,0,0,0,0,0,0,0,0,0,0.00,0.00,0.00,0.00,0.00),(573,39,4,0,0,0,0,0,0,0,0,0,0,0,0,0,0,0,0.00,0.00,0.00,0.00,0.00),(574,39,5,0,0,0,0,0,0,0,0,0,0,0,0,0,0,0,0.00,0.00,0.00,0.00,0.00),(575,39,6,0,0,0,0,0,0,0,0,0,0,0,0,0,0,0,0.00,0.00,0.00,0.00,0.00),(576,39,7,0,0,0,0,0,0,0,0,0,0,0,0,0,0,0,0.00,0.00,0.00,0.00,0.00),(577,39,8,0,0,0,0,0,0,0,0,0,0,0,0,0,0,0,0.00,0.00,0.00,0.00,0.00),(578,39,9,0,0,0,0,0,0,0,0,0,0,0,0,0,0,0,0.00,0.00,0.00,0.00,0.00),(579,39,10,0,0,0,0,0,0,0,0,0,0,0,0,0,0,0,0.00,0.00,0.00,0.00,0.00),(580,39,11,0,0,0,0,0,0,0,0,0,0,0,0,0,0,0,0.00,0.00,0.00,0.00,0.00),(581,39,12,0,0,0,0,0,0,0,0,0,0,0,0,0,0,0,0.00,0.00,0.00,0.00,0.00),(582,39,13,0,0,0,0,0,0,0,0,0,0,0,0,0,0,0,0.00,0.00,0.00,0.00,0.00),(583,40,107,800,800,800,0,0,70,80,50,0,0,0,0,0,0,0,0.00,0.00,0.00,0.00,0.00),(584,40,108,600,200,70,0,0,80,60,92,0,0,0,0,0,0,0,0.00,0.00,0.00,0.00,0.00),(585,40,67,200,300,500,0,0,33,52,47,0,0,0,0,0,0,0,0.00,0.00,0.00,0.00,0.00),(586,40,68,80,95,38,0,0,96,36,89,0,0,0,0,0,0,0,0.00,0.00,0.00,0.00,0.00),(587,40,69,600,500,30,0,0,70,50,50,0,0,0,0,0,0,0,0.00,0.00,0.00,0.00,0.00),(588,40,70,0,0,0,0,0,0,0,0,0,0,0,0,0,0,0,0.00,0.00,0.00,0.00,0.00),(589,40,71,80,80,90,0,0,60,60,90,0,0,0,0,0,0,0,0.00,0.00,0.00,0.00,0.00),(590,40,72,0,0,0,0,0,0,0,0,0,0,0,0,0,0,0,0.00,0.00,0.00,0.00,0.00),(591,40,73,100,300,500,0,0,100,100,100,0,0,0,0,0,0,0,0.00,0.00,0.00,0.00,0.00),(592,40,74,0,0,0,0,0,0,0,0,0,0,0,0,0,0,0,0.00,0.00,0.00,0.00,0.00),(593,40,75,0,0,0,0,0,0,0,0,0,0,0,0,0,0,0,0.00,0.00,0.00,0.00,0.00),(594,40,76,0,0,0,0,0,0,0,0,0,0,0,0,0,0,0,0.00,0.00,0.00,0.00,0.00),(595,40,77,800,900,900,0,0,50,50,50,0,0,0,0,0,0,0,0.00,0.00,0.00,0.00,0.00),(596,40,78,0,0,0,0,0,0,0,0,0,0,0,0,0,0,0,0.00,0.00,0.00,0.00,0.00),(597,40,79,0,0,0,0,0,0,0,0,0,0,0,0,0,0,0,0.00,0.00,0.00,0.00,0.00),(598,40,109,200,700,900,0,0,30,55,62,0,0,0,0,0,0,0,0.00,0.00,0.00,0.00,0.00),(599,40,110,0,0,0,0,0,0,0,0,0,0,0,0,0,0,0,0.00,0.00,0.00,0.00,0.00),(600,40,80,0,0,0,0,0,0,0,0,0,0,0,0,0,0,0,0.00,0.00,0.00,0.00,0.00),(601,40,81,0,0,0,0,0,0,0,0,0,0,0,0,0,0,0,0.00,0.00,0.00,0.00,0.00),(602,40,82,0,0,0,0,0,0,0,0,0,0,0,0,0,0,0,0.00,0.00,0.00,0.00,0.00),(603,40,83,0,0,0,0,0,0,0,0,0,0,0,0,0,0,0,0.00,0.00,0.00,0.00,0.00),(604,40,84,0,0,0,0,0,0,0,0,0,0,0,0,0,0,0,0.00,0.00,0.00,0.00,0.00),(605,40,85,0,0,0,0,0,0,0,0,0,0,0,0,0,0,0,0.00,0.00,0.00,0.00,0.00),(606,40,86,800,800,800,0,0,80,99,55,0,0,0,0,0,0,0,0.00,0.00,0.00,0.00,0.00),(607,41,1,80,80,80,0,0,70,80,70,0,0,40,60,70,0,0,0.00,0.00,0.00,0.00,0.00),(608,41,2,0,0,0,0,0,0,0,0,0,0,0,0,0,0,0,0.00,0.00,0.00,0.00,0.00),(609,41,3,0,0,0,0,0,0,0,0,0,0,0,0,0,0,0,0.00,0.00,0.00,0.00,0.00),(610,41,4,0,0,0,0,0,0,0,0,0,0,0,0,0,0,0,0.00,0.00,0.00,0.00,0.00),(611,41,5,0,0,0,0,0,0,0,0,0,0,0,0,0,0,0,0.00,0.00,0.00,0.00,0.00),(612,41,6,0,0,0,0,0,0,0,0,0,0,0,0,0,0,0,0.00,0.00,0.00,0.00,0.00),(613,41,7,0,0,0,0,0,0,0,0,0,0,0,0,0,0,0,0.00,0.00,0.00,0.00,0.00),(614,41,8,0,0,0,0,0,0,0,0,0,0,0,0,0,0,0,0.00,0.00,0.00,0.00,0.00),(615,41,9,0,0,0,0,0,0,0,0,0,0,0,0,0,0,0,0.00,0.00,0.00,0.00,0.00),(616,41,10,0,0,0,0,0,0,0,0,0,0,0,0,0,0,0,0.00,0.00,0.00,0.00,0.00),(617,41,11,0,0,0,0,0,0,0,0,0,0,0,0,0,0,0,0.00,0.00,0.00,0.00,0.00),(618,41,12,0,0,0,0,0,0,0,0,0,0,0,0,0,0,0,0.00,0.00,0.00,0.00,0.00),(619,41,13,0,0,0,0,0,0,0,0,0,0,0,0,0,0,0,0.00,0.00,0.00,0.00,0.00),(620,42,1,0,0,0,0,0,0,0,0,0,0,0,0,0,0,0,0.00,0.00,0.00,0.00,0.00),(621,42,2,0,0,0,0,0,0,0,0,0,0,0,0,0,0,0,0.00,0.00,0.00,0.00,0.00),(622,42,3,0,0,0,0,0,72,72,250,0,0,72,72,250,0,0,0.00,0.00,0.00,0.00,0.00),(623,42,4,0,0,0,0,0,120,96,500,0,0,120,90,100,0,0,0.00,0.00,0.00,0.00,0.00),(624,42,5,0,0,0,0,0,0,0,0,0,0,0,0,0,0,0,0.00,0.00,0.00,0.00,0.00),(625,42,6,0,0,0,0,0,120,0,0,0,0,100,0,0,0,0,0.00,0.00,0.00,0.00,0.00),(626,42,7,0,0,0,0,0,0,24,0,0,0,0,20,0,0,0,0.00,0.00,0.00,0.00,0.00),(627,42,8,0,0,0,0,0,120,48,0,0,0,0,0,0,0,0,0.00,0.00,0.00,0.00,0.00),(628,42,9,0,0,0,0,0,36,0,0,0,0,0,0,0,0,0,0.00,0.00,0.00,0.00,0.00),(629,42,10,0,0,0,0,0,0,0,250,0,0,0,0,0,0,0,0.00,0.00,0.00,0.00,0.00),(630,42,11,0,0,0,0,0,0,0,240,0,0,0,0,0,0,0,0.00,0.00,0.00,0.00,0.00),(631,42,12,0,0,0,0,0,60,0,0,0,0,0,0,0,0,0,0.00,0.00,0.00,0.00,0.00),(632,42,13,0,0,0,0,0,72,48,0,0,0,0,0,0,0,0,0.00,0.00,0.00,0.00,0.00),(633,43,1,80,72,50,0,0,60,50,20,0,0,30,50,20,0,0,0.00,0.00,0.00,0.00,0.00),(634,43,2,0,0,0,0,0,0,0,0,0,0,0,0,0,0,0,0.00,0.00,0.00,0.00,0.00),(635,43,3,0,0,0,0,0,0,0,0,0,0,0,0,0,0,0,0.00,0.00,0.00,0.00,0.00),(636,43,4,0,0,0,0,0,0,0,0,0,0,0,0,0,0,0,0.00,0.00,0.00,0.00,0.00),(637,43,5,0,0,0,0,0,0,0,0,0,0,0,0,0,0,0,0.00,0.00,0.00,0.00,0.00),(638,43,6,0,0,0,0,0,0,0,0,0,0,0,0,0,0,0,0.00,0.00,0.00,0.00,0.00),(639,43,7,0,0,0,0,0,0,0,0,0,0,0,0,0,0,0,0.00,0.00,0.00,0.00,0.00),(640,43,8,0,0,0,0,0,0,0,0,0,0,0,0,0,0,0,0.00,0.00,0.00,0.00,0.00),(641,43,9,0,0,0,0,0,0,0,0,0,0,0,0,0,0,0,0.00,0.00,0.00,0.00,0.00),(642,43,10,0,0,0,0,0,0,0,0,0,0,0,0,0,0,0,0.00,0.00,0.00,0.00,0.00),(643,43,11,80,60,20,0,0,60,30,20,0,0,0,0,0,0,0,0.00,0.00,0.00,0.00,0.00),(644,43,12,0,0,0,0,0,0,0,0,0,0,0,0,0,0,0,0.00,0.00,0.00,0.00,0.00),(645,43,13,0,0,0,0,0,0,0,0,0,0,0,0,0,0,0,0.00,0.00,0.00,0.00,0.00),(646,44,107,0,0,0,0,0,0,0,0,0,0,0,0,0,0,0,0.00,0.00,0.00,0.00,0.00),(647,44,108,0,0,0,0,0,0,0,0,0,0,0,0,0,0,0,0.00,0.00,0.00,0.00,0.00),(648,44,67,0,0,0,0,0,0,0,0,0,0,0,0,0,0,0,0.00,0.00,0.00,0.00,0.00),(649,44,68,0,0,0,0,0,0,0,0,0,0,0,0,0,0,0,0.00,0.00,0.00,0.00,0.00),(650,44,69,0,0,0,0,0,0,0,0,0,0,0,0,0,0,0,0.00,0.00,0.00,0.00,0.00),(651,44,70,0,0,0,0,0,0,0,0,0,0,0,0,0,0,0,0.00,0.00,0.00,0.00,0.00),(652,44,71,0,0,0,0,0,2,3,0,0,0,2,3,0,0,0,0.00,0.00,0.00,0.00,0.00),(653,44,72,0,0,0,0,0,0,0,0,0,0,0,0,0,0,0,0.00,0.00,0.00,0.00,0.00),(654,44,73,0,0,0,0,0,0,0,0,0,0,0,0,0,0,0,0.00,0.00,0.00,0.00,0.00),(655,44,74,0,0,0,0,0,0,0,0,0,0,0,0,0,0,0,0.00,0.00,0.00,0.00,0.00),(656,44,75,0,0,0,0,0,0,0,0,0,0,0,0,0,0,0,0.00,0.00,0.00,0.00,0.00),(657,44,76,0,0,0,0,0,2,5,10,0,0,2,5,10,0,0,0.00,0.00,0.00,0.00,0.00),(658,44,77,0,0,0,0,0,0,0,0,0,0,0,0,0,0,0,0.00,0.00,0.00,0.00,0.00),(659,44,78,0,0,0,0,0,0,0,0,0,0,0,0,0,0,0,0.00,0.00,0.00,0.00,0.00),(660,44,79,0,0,0,0,0,0,0,0,0,0,0,0,0,0,0,0.00,0.00,0.00,0.00,0.00),(661,44,109,0,0,0,0,0,0,0,0,0,0,0,0,0,0,0,0.00,0.00,0.00,0.00,0.00),(662,44,110,0,0,0,0,0,0,0,0,0,0,0,0,0,0,0,0.00,0.00,0.00,0.00,0.00),(663,44,80,0,0,0,0,0,0,0,0,0,0,0,0,0,0,0,0.00,0.00,0.00,0.00,0.00),(664,44,81,0,0,0,0,0,0,0,0,0,0,0,0,0,0,0,0.00,0.00,0.00,0.00,0.00),(665,44,82,0,0,0,0,0,0,0,0,0,0,0,0,0,0,0,0.00,0.00,0.00,0.00,0.00),(666,44,83,0,0,0,0,0,0,0,0,0,0,0,0,0,0,0,0.00,0.00,0.00,0.00,0.00),(667,44,84,0,0,0,0,0,0,0,0,0,0,0,0,0,0,0,0.00,0.00,0.00,0.00,0.00),(668,44,85,0,0,0,0,0,0,0,0,0,0,0,0,0,0,0,0.00,0.00,0.00,0.00,0.00),(669,44,86,0,0,0,0,0,0,0,0,0,0,0,0,0,0,0,0.00,0.00,0.00,0.00,0.00),(670,45,1,0,0,0,0,0,0,0,0,0,0,0,0,0,0,0,0.00,0.00,0.00,0.00,0.00),(671,45,2,0,0,0,0,0,0,0,0,0,0,0,0,0,0,0,0.00,0.00,0.00,0.00,0.00),(672,45,3,0,0,0,0,0,0,0,0,0,0,0,0,0,0,0,0.00,0.00,0.00,0.00,0.00),(673,45,4,0,0,0,0,0,0,0,0,0,0,0,0,0,0,0,0.00,0.00,0.00,0.00,0.00),(674,45,5,0,0,0,0,0,0,0,0,0,0,0,0,0,0,0,0.00,0.00,0.00,0.00,0.00),(675,45,6,0,0,0,0,0,0,0,0,0,0,0,0,0,0,0,0.00,0.00,0.00,0.00,0.00),(676,45,7,0,0,0,0,0,0,0,0,0,0,0,0,0,0,0,0.00,0.00,0.00,0.00,0.00),(677,45,8,0,0,0,0,0,0,0,0,0,0,0,0,0,0,0,0.00,0.00,0.00,0.00,0.00),(678,45,9,0,0,0,0,0,0,0,0,0,0,0,0,0,0,0,0.00,0.00,0.00,0.00,0.00),(679,45,10,0,0,0,0,0,0,0,0,0,0,0,0,0,0,0,0.00,0.00,0.00,0.00,0.00),(680,45,11,0,0,0,0,0,0,0,0,0,0,0,0,0,0,0,0.00,0.00,0.00,0.00,0.00),(681,45,12,0,0,0,0,0,0,0,0,0,0,0,0,0,0,0,0.00,0.00,0.00,0.00,0.00),(682,45,13,0,0,0,0,0,1,5,10,0,0,0,0,0,0,0,0.00,0.00,0.00,0.00,0.00),(683,46,87,0,0,0,0,0,0,0,0,0,0,0,0,0,0,0,0.00,0.00,0.00,0.00,0.00),(684,46,88,0,0,0,0,0,0,0,0,0,0,0,0,0,0,0,0.00,0.00,0.00,0.00,0.00),(685,46,89,0,0,0,0,0,0,0,0,0,0,0,0,0,0,0,0.00,0.00,0.00,0.00,0.00),(686,46,90,0,0,0,0,0,0,0,0,0,0,0,0,0,0,0,0.00,0.00,0.00,0.00,0.00),(687,46,91,0,0,0,0,0,0,0,0,0,0,0,0,0,0,0,0.00,0.00,0.00,0.00,0.00),(688,46,92,0,0,0,0,0,0,0,0,0,0,0,0,0,0,0,0.00,0.00,0.00,0.00,0.00),(689,46,93,0,0,0,0,0,0,10,0,0,0,0,10,0,0,0,0.00,0.00,0.00,0.00,0.00),(690,46,94,0,0,0,0,0,0,10,0,0,0,0,10,0,0,0,0.00,0.00,0.00,0.00,0.00),(691,46,95,0,0,0,0,0,0,0,0,0,0,0,0,0,0,0,0.00,0.00,0.00,0.00,0.00),(692,46,98,0,0,0,0,0,0,0,0,0,0,0,0,0,0,0,0.00,0.00,0.00,0.00,0.00),(693,46,99,0,0,0,0,0,0,0,0,0,0,0,0,0,0,0,0.00,0.00,0.00,0.00,0.00),(694,46,100,0,0,0,0,0,0,0,0,0,0,0,0,0,0,0,0.00,0.00,0.00,0.00,0.00),(695,47,1,0,0,0,0,0,0,0,0,0,0,0,0,0,0,0,0.00,0.00,0.00,0.00,0.00),(696,47,2,0,0,0,0,0,0,0,0,0,0,0,0,0,0,0,0.00,0.00,0.00,0.00,0.00),(697,47,3,0,0,0,0,0,0,0,0,0,0,0,0,0,0,0,0.00,0.00,0.00,0.00,0.00),(698,47,4,0,0,0,0,0,0,0,0,0,0,0,0,0,0,0,0.00,0.00,0.00,0.00,0.00),(699,47,5,0,0,0,0,0,0,0,0,0,0,0,0,0,0,0,0.00,0.00,0.00,0.00,0.00),(700,47,6,0,0,0,0,0,0,0,0,0,0,0,0,0,0,0,0.00,0.00,0.00,0.00,0.00),(701,47,7,0,0,0,0,0,0,0,0,0,0,0,0,0,0,0,0.00,0.00,0.00,0.00,0.00),(702,47,8,0,0,0,0,0,80,10,10,0,0,40,10,10,0,0,0.00,0.00,0.00,0.00,0.00),(703,47,9,0,0,0,0,0,0,0,0,0,0,0,0,0,0,0,0.00,0.00,0.00,0.00,0.00),(704,47,10,0,0,0,0,0,0,0,0,0,0,0,0,0,0,0,0.00,0.00,0.00,0.00,0.00),(705,47,11,0,0,0,0,0,0,0,0,0,0,0,0,0,0,0,0.00,0.00,0.00,0.00,0.00),(706,47,12,0,0,0,0,0,0,0,0,0,0,0,0,0,0,0,0.00,0.00,0.00,0.00,0.00),(707,47,13,0,0,0,0,0,0,0,0,0,0,0,0,0,0,0,0.00,0.00,0.00,0.00,0.00),(708,48,1,0,0,0,0,0,0,0,0,0,0,0,0,0,0,0,0.00,0.00,0.00,0.00,0.00),(709,48,2,0,0,0,0,0,0,0,0,0,0,0,0,0,0,0,0.00,0.00,0.00,0.00,0.00),(710,48,3,0,0,0,0,0,0,0,0,0,0,0,0,0,0,0,0.00,0.00,0.00,0.00,0.00),(711,48,4,0,0,0,0,0,0,0,0,0,0,0,0,0,0,0,0.00,0.00,0.00,0.00,0.00),(712,48,5,0,0,0,0,0,0,0,0,0,0,0,0,0,0,0,0.00,0.00,0.00,0.00,0.00),(713,48,6,0,0,0,0,0,0,0,0,0,0,0,0,0,0,0,0.00,0.00,0.00,0.00,0.00),(714,48,7,0,0,0,0,0,0,0,0,0,0,0,0,0,0,0,0.00,0.00,0.00,0.00,0.00),(715,48,8,0,0,0,0,0,0,0,0,0,0,0,0,0,0,0,0.00,0.00,0.00,0.00,0.00),(716,48,9,0,0,0,0,0,0,0,0,0,0,0,0,0,0,0,0.00,0.00,0.00,0.00,0.00),(717,48,10,0,0,0,0,0,0,0,0,0,0,0,0,0,0,0,0.00,0.00,0.00,0.00,0.00),(718,48,11,0,0,0,0,0,0,0,0,0,0,0,0,0,0,0,0.00,0.00,0.00,0.00,0.00),(719,48,12,0,0,0,0,0,0,0,0,0,0,0,0,0,0,0,0.00,0.00,0.00,0.00,0.00),(720,48,13,0,0,0,0,0,0,0,0,0,0,0,0,0,0,0,0.00,0.00,0.00,0.00,0.00),(722,49,1,0,0,0,0,0,0,0,0,0,0,0,0,0,0,0,0.00,0.00,0.00,0.00,0.00),(723,49,2,0,0,0,0,0,0,0,0,0,0,0,0,0,0,0,0.00,0.00,0.00,0.00,0.00),(724,49,3,0,0,0,0,0,0,0,0,0,0,0,0,0,0,0,0.00,0.00,0.00,0.00,0.00),(725,49,4,80,0,0,0,0,80,70,10,0,0,0,0,0,0,0,0.00,0.00,0.00,0.00,0.00),(726,49,5,0,0,0,0,0,0,0,0,0,0,0,0,0,0,0,0.00,0.00,0.00,0.00,0.00),(727,49,6,0,0,0,0,0,0,0,0,0,0,0,0,0,0,0,0.00,0.00,0.00,0.00,0.00),(728,49,7,0,0,0,0,0,0,0,0,0,0,0,0,0,0,0,0.00,0.00,0.00,0.00,0.00),(729,49,8,0,0,0,0,0,0,0,0,0,0,0,0,0,0,0,0.00,0.00,0.00,0.00,0.00),(730,49,9,0,0,0,0,0,0,0,0,0,0,0,0,0,0,0,0.00,0.00,0.00,0.00,0.00),(731,49,10,0,0,0,0,0,0,0,0,0,0,0,0,0,0,0,0.00,0.00,0.00,0.00,0.00),(732,49,11,0,0,0,0,0,0,0,0,0,0,0,0,0,0,0,0.00,0.00,0.00,0.00,0.00),(733,49,12,0,0,0,0,0,0,0,0,0,0,0,0,0,0,0,0.00,0.00,0.00,0.00,0.00),(734,49,13,0,0,0,0,0,0,0,0,0,0,0,0,0,0,0,0.00,0.00,0.00,0.00,0.00),(735,50,87,0,0,0,0,0,0,0,0,0,0,0,0,0,0,0,0.00,0.00,0.00,0.00,0.00),(736,50,88,0,0,0,0,0,0,0,0,0,0,0,0,0,0,0,0.00,0.00,0.00,0.00,0.00),(737,50,89,0,0,0,0,0,0,0,0,0,0,0,0,0,0,0,0.00,0.00,0.00,0.00,0.00),(738,50,90,0,0,0,0,0,0,0,0,0,0,0,0,0,0,0,0.00,0.00,0.00,0.00,0.00),(739,50,91,0,0,0,0,0,0,0,0,0,0,0,0,0,0,0,0.00,0.00,0.00,0.00,0.00),(740,50,92,0,0,0,0,0,0,0,0,0,0,0,0,0,0,0,0.00,0.00,0.00,0.00,0.00),(741,50,93,0,0,0,0,0,0,0,0,0,0,0,0,0,0,0,0.00,0.00,0.00,0.00,0.00),(742,50,94,0,0,0,0,0,0,0,0,0,0,0,0,0,0,0,0.00,0.00,0.00,0.00,0.00),(743,50,95,0,0,0,0,0,0,0,0,0,0,0,0,0,0,0,0.00,0.00,0.00,0.00,0.00),(744,50,98,0,0,0,0,0,0,0,0,0,0,0,0,0,0,0,0.00,0.00,0.00,0.00,0.00),(745,50,99,0,0,0,0,0,0,0,0,0,0,0,0,0,0,0,0.00,0.00,0.00,0.00,0.00),(746,50,100,0,0,0,0,0,0,0,0,0,0,0,0,0,0,0,0.00,0.00,0.00,0.00,0.00),(747,50,111,0,0,0,0,0,0,0,80,10,0,0,0,0,0,0,0.00,0.00,0.00,0.00,0.00),(748,50,112,0,0,0,0,0,0,0,0,0,0,0,0,0,0,0,0.00,0.00,0.00,0.00,0.00),(749,51,67,0,0,0,0,0,0,0,0,0,0,0,0,0,0,0,0.00,0.00,0.00,0.00,0.00),(750,51,68,0,0,0,0,0,0,0,0,0,0,0,0,0,0,0,0.00,0.00,0.00,0.00,0.00),(751,51,69,0,0,0,0,0,0,0,0,0,0,0,0,0,0,0,0.00,0.00,0.00,0.00,0.00),(752,51,70,0,0,0,0,0,0,0,0,0,0,0,0,0,0,0,0.00,0.00,0.00,0.00,0.00),(753,51,71,0,0,0,0,0,0,0,0,0,0,0,0,0,0,0,0.00,0.00,0.00,0.00,0.00),(754,51,72,0,0,0,0,0,0,0,0,0,0,0,0,0,0,0,0.00,0.00,0.00,0.00,0.00),(755,51,73,0,0,0,0,0,0,0,0,0,0,0,0,0,0,0,0.00,0.00,0.00,0.00,0.00),(756,51,74,0,0,0,0,0,6,24,0,0,0,6,19,0,0,0,0.00,0.00,0.00,0.00,0.00),(757,51,75,0,0,0,0,0,0,0,0,0,0,0,0,0,0,0,0.00,0.00,0.00,0.00,0.00),(758,51,76,0,0,0,0,0,0,0,0,0,0,0,0,0,0,0,0.00,0.00,0.00,0.00,0.00),(759,51,77,0,0,0,0,0,0,0,25,0,0,0,0,25,0,0,0.00,0.00,0.00,0.00,0.00),(760,51,78,0,0,0,0,0,0,0,0,0,0,0,0,0,0,0,0.00,0.00,0.00,0.00,0.00),(761,51,79,0,0,0,0,0,0,0,0,0,0,0,0,0,0,0,0.00,0.00,0.00,0.00,0.00),(762,51,80,0,0,0,0,0,0,0,0,0,0,0,0,0,0,0,0.00,0.00,0.00,0.00,0.00),(763,51,81,0,0,0,0,0,0,0,0,0,0,0,0,0,0,0,0.00,0.00,0.00,0.00,0.00),(764,51,82,0,0,0,0,0,0,0,0,0,0,0,0,0,0,0,0.00,0.00,0.00,0.00,0.00),(765,51,83,0,0,0,0,0,0,0,0,0,0,0,0,0,0,0,0.00,0.00,0.00,0.00,0.00),(766,51,84,0,0,0,0,0,0,0,0,0,0,0,0,0,0,0,0.00,0.00,0.00,0.00,0.00),(767,51,85,0,0,0,0,0,0,0,0,0,0,0,0,0,0,0,0.00,0.00,0.00,0.00,0.00),(768,51,86,0,0,0,0,0,0,0,0,0,0,0,0,0,0,0,0.00,0.00,0.00,0.00,0.00),(769,51,107,0,0,0,0,0,0,0,0,0,0,0,0,0,0,0,0.00,0.00,0.00,0.00,0.00),(770,51,108,0,0,0,0,0,0,0,0,0,0,0,0,0,0,0,0.00,0.00,0.00,0.00,0.00),(771,51,109,0,0,0,0,0,0,0,0,0,0,0,0,0,0,0,0.00,0.00,0.00,0.00,0.00),(772,51,110,0,0,0,0,0,0,0,0,0,0,0,0,0,0,0,0.00,0.00,0.00,0.00,0.00),(773,52,67,0,0,0,0,0,0,0,0,0,0,0,0,0,0,0,0.00,0.00,0.00,0.00,0.00),(774,52,68,0,0,0,0,0,0,0,0,0,0,0,0,0,0,0,0.00,0.00,0.00,0.00,0.00),(775,52,69,0,0,0,0,0,0,0,0,0,0,0,0,0,0,0,0.00,0.00,0.00,0.00,0.00),(776,52,70,0,0,0,0,0,0,0,0,0,0,0,0,0,0,0,0.00,0.00,0.00,0.00,0.00),(777,52,71,0,0,0,0,0,0,0,0,0,0,0,0,0,0,0,0.00,0.00,0.00,0.00,0.00),(778,52,72,0,0,0,0,0,0,0,0,0,0,0,0,0,0,0,0.00,0.00,0.00,0.00,0.00),(779,52,73,0,0,0,0,0,0,0,0,0,0,0,0,0,0,0,0.00,0.00,0.00,0.00,0.00),(780,52,74,0,0,0,0,0,6,24,0,0,0,0,0,0,0,0,0.00,0.00,0.00,0.00,0.00),(781,52,75,0,0,0,0,0,0,0,0,0,0,0,0,0,0,0,0.00,0.00,0.00,0.00,0.00),(782,52,76,0,0,0,0,0,0,0,0,0,0,0,0,0,0,0,0.00,0.00,0.00,0.00,0.00),(783,52,77,0,0,0,0,0,0,0,25,0,0,0,0,0,0,0,0.00,0.00,0.00,0.00,0.00),(784,52,78,0,0,0,0,0,0,0,0,0,0,0,0,0,0,0,0.00,0.00,0.00,0.00,0.00),(785,52,79,0,0,0,0,0,0,0,0,0,0,0,0,0,0,0,0.00,0.00,0.00,0.00,0.00),(786,52,80,0,0,0,0,0,0,0,0,0,0,0,0,0,0,0,0.00,0.00,0.00,0.00,0.00),(787,52,81,0,0,0,0,0,0,0,0,0,0,0,0,0,0,0,0.00,0.00,0.00,0.00,0.00),(788,52,82,0,0,0,0,0,0,0,0,0,0,0,0,0,0,0,0.00,0.00,0.00,0.00,0.00),(789,52,83,0,0,0,0,0,0,0,0,0,0,0,0,0,0,0,0.00,0.00,0.00,0.00,0.00),(790,52,84,0,0,0,0,0,0,0,0,0,0,0,0,0,0,0,0.00,0.00,0.00,0.00,0.00),(791,52,85,0,0,0,0,0,0,0,0,0,0,0,0,0,0,0,0.00,0.00,0.00,0.00,0.00),(792,52,86,0,0,0,0,0,0,0,0,0,0,0,0,0,0,0,0.00,0.00,0.00,0.00,0.00),(793,52,107,0,0,0,0,0,0,0,0,0,0,0,0,0,0,0,0.00,0.00,0.00,0.00,0.00),(794,52,108,0,0,0,0,0,0,0,0,0,0,0,0,0,0,0,0.00,0.00,0.00,0.00,0.00),(795,52,109,0,0,0,0,0,0,0,0,0,0,0,0,0,0,0,0.00,0.00,0.00,0.00,0.00),(796,52,110,0,0,0,0,0,0,0,0,0,0,0,0,0,0,0,0.00,0.00,0.00,0.00,0.00),(797,53,1,0,0,0,0,0,180,0,144,0,0,150,0,144,0,0,0.00,0.00,0.00,0.00,0.00),(798,53,2,0,0,0,0,0,0,0,0,0,0,0,0,0,0,0,0.00,0.00,0.00,0.00,0.00),(799,53,3,0,0,0,0,0,0,0,0,0,0,0,0,0,0,0,0.00,0.00,0.00,0.00,0.00),(800,53,4,0,0,0,0,0,0,0,0,0,0,0,0,0,0,0,0.00,0.00,0.00,0.00,0.00),(801,53,5,0,0,0,0,0,0,0,0,0,0,0,0,0,0,0,0.00,0.00,0.00,0.00,0.00),(802,53,6,0,0,0,0,0,0,0,0,0,0,0,0,0,0,0,0.00,0.00,0.00,0.00,0.00),(803,53,7,0,0,0,0,0,0,0,0,0,0,0,0,0,0,0,0.00,0.00,0.00,0.00,0.00),(804,53,8,0,0,0,0,0,0,0,0,0,0,0,0,0,0,0,0.00,0.00,0.00,0.00,0.00),(805,53,9,0,0,0,0,0,0,0,0,0,0,0,0,0,0,0,0.00,0.00,0.00,0.00,0.00),(806,53,10,0,0,0,0,0,0,0,0,0,0,0,0,0,0,0,0.00,0.00,0.00,0.00,0.00),(807,53,11,0,0,0,0,0,0,0,0,0,0,0,0,0,0,0,0.00,0.00,0.00,0.00,0.00),(808,53,12,0,0,0,0,0,0,0,0,0,0,0,0,0,0,0,0.00,0.00,0.00,0.00,0.00),(809,53,13,0,0,0,0,0,12,0,200,0,0,0,12,200,0,0,0.00,0.00,0.00,0.00,0.00),(810,54,42,0,0,0,0,0,0,0,0,0,0,0,0,0,0,0,0.00,0.00,0.00,0.00,0.00),(811,54,43,70,100,50,0,0,45,32,18,0,0,45,30,15,0,0,0.00,0.00,0.00,0.00,0.00),(812,54,44,0,0,0,0,0,0,0,0,0,0,0,0,0,0,0,0.00,0.00,0.00,0.00,0.00),(813,54,45,0,0,0,0,0,0,0,0,0,0,0,0,0,0,0,0.00,0.00,0.00,0.00,0.00),(814,54,46,0,0,0,0,0,0,0,0,0,0,0,0,0,0,0,0.00,0.00,0.00,0.00,0.00),(815,54,47,0,0,0,0,0,0,0,0,0,0,0,0,0,0,0,0.00,0.00,0.00,0.00,0.00),(816,54,48,0,0,0,0,0,0,0,0,0,0,0,0,0,0,0,0.00,0.00,0.00,0.00,0.00),(817,54,49,0,0,0,0,0,0,0,0,0,0,0,0,0,0,0,0.00,0.00,0.00,0.00,0.00),(818,54,50,0,0,0,0,0,0,0,0,0,0,0,0,0,0,0,0.00,0.00,0.00,0.00,0.00),(819,54,51,0,0,0,0,0,0,0,0,0,0,0,0,0,0,0,0.00,0.00,0.00,0.00,0.00),(820,54,52,0,0,0,0,0,0,0,0,0,0,0,0,0,0,0,0.00,0.00,0.00,0.00,0.00),(821,54,53,0,0,0,0,0,0,0,0,0,0,0,0,0,0,0,0.00,0.00,0.00,0.00,0.00),(822,54,54,0,0,0,0,0,0,0,0,0,0,0,0,0,0,0,0.00,0.00,0.00,0.00,0.00),(823,54,55,0,0,0,0,0,0,0,0,0,0,0,0,0,0,0,0.00,0.00,0.00,0.00,0.00),(824,54,56,0,0,0,0,0,0,0,0,0,0,0,0,0,0,0,0.00,0.00,0.00,0.00,0.00),(825,54,57,0,0,0,0,0,0,0,0,0,0,0,0,0,0,0,0.00,0.00,0.00,0.00,0.00),(826,54,58,0,0,0,0,0,0,0,0,0,0,0,0,0,0,0,0.00,0.00,0.00,0.00,0.00),(827,54,59,0,0,0,0,0,0,0,0,0,0,0,0,0,0,0,0.00,0.00,0.00,0.00,0.00),(828,54,60,0,0,0,0,0,0,0,0,0,0,0,0,0,0,0,0.00,0.00,0.00,0.00,0.00),(829,54,61,0,0,0,0,0,0,0,0,0,0,0,0,0,0,0,0.00,0.00,0.00,0.00,0.00),(830,54,62,0,0,0,0,0,0,0,0,0,0,0,0,0,0,0,0.00,0.00,0.00,0.00,0.00),(831,54,63,0,0,0,0,0,0,0,0,0,0,0,0,0,0,0,0.00,0.00,0.00,0.00,0.00),(832,54,64,0,0,0,0,0,0,0,0,0,0,0,0,0,0,0,0.00,0.00,0.00,0.00,0.00),(833,54,65,0,0,0,0,0,0,0,0,0,0,0,0,0,0,0,0.00,0.00,0.00,0.00,0.00),(834,54,66,0,0,0,0,0,0,0,0,0,0,0,0,0,0,0,0.00,0.00,0.00,0.00,0.00),(835,55,42,0,0,0,0,0,0,0,0,0,0,0,0,0,0,0,0.00,0.00,0.00,0.00,0.00),(836,55,43,0,0,0,0,0,0,0,0,0,0,0,0,0,0,0,0.00,0.00,0.00,0.00,0.00),(837,55,44,0,0,0,0,0,0,0,0,0,0,0,0,0,0,0,0.00,0.00,0.00,0.00,0.00),(838,55,45,0,0,0,0,0,0,0,0,0,0,0,0,0,0,0,0.00,0.00,0.00,0.00,0.00),(839,55,46,0,0,0,0,0,0,0,0,0,0,0,0,0,0,0,0.00,0.00,0.00,0.00,0.00),(840,55,47,0,0,0,0,0,0,0,0,0,0,0,0,0,0,0,0.00,0.00,0.00,0.00,0.00),(841,55,48,0,0,0,0,0,0,0,0,0,0,0,0,0,0,0,0.00,0.00,0.00,0.00,0.00),(842,55,49,0,0,0,0,0,0,0,0,0,0,0,0,0,0,0,0.00,0.00,0.00,0.00,0.00),(843,55,50,0,0,0,0,0,0,0,0,0,0,0,0,0,0,0,0.00,0.00,0.00,0.00,0.00),(844,55,51,0,0,0,0,0,0,0,0,0,0,0,0,0,0,0,0.00,0.00,0.00,0.00,0.00),(845,55,52,0,0,0,0,0,0,0,0,0,0,0,0,0,0,0,0.00,0.00,0.00,0.00,0.00),(846,55,53,0,0,0,0,0,0,0,0,0,0,0,0,0,0,0,0.00,0.00,0.00,0.00,0.00),(847,55,54,0,0,0,0,0,0,0,0,0,0,0,0,0,0,0,0.00,0.00,0.00,0.00,0.00),(848,55,55,0,0,0,0,0,0,0,0,0,0,0,0,0,0,0,0.00,0.00,0.00,0.00,0.00),(849,55,56,0,0,0,0,0,0,0,0,0,0,0,0,0,0,0,0.00,0.00,0.00,0.00,0.00),(850,55,57,0,0,0,0,0,0,0,0,0,0,0,0,0,0,0,0.00,0.00,0.00,0.00,0.00),(851,55,58,0,0,0,0,0,0,0,0,0,0,0,0,0,0,0,0.00,0.00,0.00,0.00,0.00),(852,55,59,0,0,0,0,0,0,0,0,0,0,0,0,0,0,0,0.00,0.00,0.00,0.00,0.00),(853,55,60,0,0,0,0,0,0,0,0,0,0,0,0,0,0,0,0.00,0.00,0.00,0.00,0.00),(854,55,61,0,0,0,0,0,0,0,0,0,0,0,0,0,0,0,0.00,0.00,0.00,0.00,0.00),(855,55,62,0,0,0,0,0,0,0,0,0,0,0,0,0,0,0,0.00,0.00,0.00,0.00,0.00),(856,55,63,0,0,0,0,0,0,0,0,0,0,0,0,0,0,0,0.00,0.00,0.00,0.00,0.00),(857,55,64,0,0,0,0,0,0,0,0,0,0,0,0,0,0,0,0.00,0.00,0.00,0.00,0.00),(858,55,65,0,0,0,0,0,0,0,0,0,0,0,0,0,0,0,0.00,0.00,0.00,0.00,0.00),(859,55,66,0,0,0,0,0,0,0,0,0,0,0,0,0,0,0,0.00,0.00,0.00,0.00,0.00);
/*!40000 ALTER TABLE `request_items` ENABLE KEYS */;
UNLOCK TABLES;

--
-- Table structure for table `requests`
--

DROP TABLE IF EXISTS `requests`;
/*!40101 SET @saved_cs_client     = @@character_set_client */;
/*!50503 SET character_set_client = utf8mb4 */;
CREATE TABLE `requests` (
  `id` int NOT NULL AUTO_INCREMENT,
  `shop_id` int NOT NULL,
  `category_id` int NOT NULL,
  `status` enum('pending','approved','rejected','received') DEFAULT 'pending',
  `submitted_at` timestamp NULL DEFAULT CURRENT_TIMESTAMP,
  `updated_at` timestamp NULL DEFAULT CURRENT_TIMESTAMP ON UPDATE CURRENT_TIMESTAMP,
  PRIMARY KEY (`id`),
  KEY `shop_id` (`shop_id`),
  KEY `category_id` (`category_id`),
  CONSTRAINT `requests_ibfk_1` FOREIGN KEY (`shop_id`) REFERENCES `shops` (`id`),
  CONSTRAINT `requests_ibfk_2` FOREIGN KEY (`category_id`) REFERENCES `categories` (`id`)
) ENGINE=InnoDB AUTO_INCREMENT=58 DEFAULT CHARSET=utf8mb4 COLLATE=utf8mb4_0900_ai_ci;
/*!40101 SET character_set_client = @saved_cs_client */;

--
-- Dumping data for table `requests`
--

LOCK TABLES `requests` WRITE;
/*!40000 ALTER TABLE `requests` DISABLE KEYS */;
INSERT INTO `requests` VALUES (15,15,4,'approved','2026-03-30 06:54:13','2026-03-30 06:55:04'),(18,9,5,'approved','2026-03-30 10:46:30','2026-03-30 10:47:41'),(21,18,1,'approved','2026-03-31 03:24:52','2026-03-31 03:25:15'),(22,18,1,'approved','2026-03-31 03:42:34','2026-03-31 03:43:28'),(23,13,5,'approved','2026-03-31 03:48:32','2026-03-31 03:49:07'),(24,1,2,'approved','2026-03-31 04:15:29','2026-03-31 04:15:57'),(25,1,3,'approved','2026-03-31 04:19:32','2026-03-31 05:23:24'),(27,20,2,'pending','2026-03-31 05:29:31','2026-03-31 05:29:31'),(28,20,5,'approved','2026-03-31 05:30:38','2026-03-31 05:31:13'),(29,16,1,'approved','2026-03-31 05:57:33','2026-03-31 05:58:12'),(30,1,1,'approved','2026-03-31 08:38:20','2026-04-02 11:20:40'),(31,1,1,'approved','2026-03-31 08:38:28','2026-04-02 11:11:11'),(32,1,1,'approved','2026-03-31 08:39:39','2026-04-02 11:11:57'),(33,8,2,'received','2026-03-31 08:59:23','2026-04-04 04:43:57'),(34,1,1,'approved','2026-03-31 09:13:29','2026-04-02 11:09:59'),(35,1,1,'approved','2026-03-31 09:19:25','2026-04-02 11:08:44'),(36,1,1,'approved','2026-04-03 08:30:26','2026-04-03 08:31:39'),(37,5,6,'approved','2026-04-03 08:44:12','2026-04-03 08:46:52'),(38,10,1,'approved','2026-04-03 09:32:19','2026-04-03 09:32:50'),(39,10,1,'pending','2026-04-03 09:38:22','2026-04-03 09:38:22'),(40,4,4,'approved','2026-04-03 09:49:51','2026-04-03 09:51:01'),(41,16,1,'received','2026-04-04 03:16:48','2026-04-04 04:46:21'),(42,17,1,'approved','2026-04-04 03:23:29','2026-04-04 03:24:56'),(43,8,1,'received','2026-04-04 04:14:39','2026-04-04 04:33:16'),(44,14,4,'received','2026-04-04 08:35:36','2026-04-04 08:36:41'),(45,19,1,'pending','2026-04-04 08:45:15','2026-04-04 08:45:15'),(46,19,5,'received','2026-04-04 08:46:43','2026-04-04 08:48:25'),(47,6,1,'received','2026-04-04 09:02:49','2026-04-04 09:03:34'),(48,6,1,'received','2026-04-04 09:05:59','2026-04-04 09:06:30'),(49,8,1,'pending','2026-04-04 09:53:55','2026-04-04 09:53:55'),(50,18,5,'pending','2026-04-04 09:54:33','2026-04-04 09:54:33'),(51,6,4,'approved','2026-04-06 05:58:49','2026-04-06 05:59:33'),(52,6,4,'pending','2026-04-06 06:01:50','2026-04-06 06:01:50'),(53,5,1,'approved','2026-04-06 06:04:35','2026-04-06 10:53:48'),(54,12,3,'approved','2026-04-10 03:21:30','2026-04-10 03:22:05'),(55,1,3,'received','2026-04-10 03:29:37','2026-04-10 03:34:51');
/*!40000 ALTER TABLE `requests` ENABLE KEYS */;
UNLOCK TABLES;

--
-- Table structure for table `shops`
--

DROP TABLE IF EXISTS `shops`;
/*!40101 SET @saved_cs_client     = @@character_set_client */;
/*!50503 SET character_set_client = utf8mb4 */;
CREATE TABLE `shops` (
  `id` int NOT NULL AUTO_INCREMENT,
  `shop_name` varchar(100) NOT NULL,
  `created_at` timestamp NULL DEFAULT CURRENT_TIMESTAMP,
  PRIMARY KEY (`id`)
) ENGINE=InnoDB AUTO_INCREMENT=26 DEFAULT CHARSET=utf8mb4 COLLATE=utf8mb4_0900_ai_ci;
/*!40101 SET character_set_client = @saved_cs_client */;

--
-- Dumping data for table `shops`
--

LOCK TABLES `shops` WRITE;
/*!40000 ALTER TABLE `shops` DISABLE KEYS */;
INSERT INTO `shops` VALUES (1,'BADULLA ROYAL','2026-03-24 04:28:26'),(2,'DEMODARA','2026-03-24 04:28:26'),(3,'KETAWALA','2026-03-24 04:28:26'),(4,'ETTAMPITIYA','2026-03-24 04:28:26'),(5,'DAYARABA','2026-03-24 04:28:26'),(6,'NELUWA','2026-03-24 04:28:26'),(7,'HAPUTALE','2026-03-24 04:28:26'),(8,'BERAGALA','2026-03-24 04:28:26'),(9,'SAGARA','2026-03-24 04:28:26'),(10,'DIMUTHU','2026-03-24 04:28:26'),(11,'MALIGATHENNA BEER','2026-03-24 04:28:26'),(12,'PAHALA UVA','2026-03-24 04:28:26'),(13,'ROYAL BIBILE','2026-03-24 04:28:26'),(14,'VINTAGE LIQUOR (PVT) LTD','2026-03-24 04:28:26'),(15,'MONARAGALA','2026-03-24 04:28:26'),(16,'PRIMILICK','2026-03-24 04:28:26'),(17,'VIDURA','2026-03-24 04:28:26'),(18,'ISURUMALI','2026-03-24 04:28:26'),(19,'THARINDU BEER','2026-03-24 04:28:26'),(20,'PRIMILICK WEERAVILA','2026-03-24 04:28:26'),(21,'PREMIER LIQUOR (PVT)','2026-04-06 08:28:09');
/*!40000 ALTER TABLE `shops` ENABLE KEYS */;
UNLOCK TABLES;

--
-- Table structure for table `users`
--

DROP TABLE IF EXISTS `users`;
/*!40101 SET @saved_cs_client     = @@character_set_client */;
/*!50503 SET character_set_client = utf8mb4 */;
CREATE TABLE `users` (
  `id` int NOT NULL AUTO_INCREMENT,
  `username` varchar(50) NOT NULL,
  `password` varchar(255) NOT NULL,
  `role` enum('admin','staff') DEFAULT 'staff',
  `created_at` timestamp NULL DEFAULT CURRENT_TIMESTAMP,
  PRIMARY KEY (`id`),
  UNIQUE KEY `username` (`username`)
) ENGINE=InnoDB AUTO_INCREMENT=2 DEFAULT CHARSET=utf8mb4 COLLATE=utf8mb4_0900_ai_ci;
/*!40101 SET character_set_client = @saved_cs_client */;

--
-- Dumping data for table `users`
--

LOCK TABLES `users` WRITE;
/*!40000 ALTER TABLE `users` DISABLE KEYS */;
INSERT INTO `users` VALUES (1,'admin','admin123','admin','2026-03-24 04:33:19');
/*!40000 ALTER TABLE `users` ENABLE KEYS */;
UNLOCK TABLES;
SET @@SESSION.SQL_LOG_BIN = @MYSQLDUMP_TEMP_LOG_BIN;
/*!40103 SET TIME_ZONE=@OLD_TIME_ZONE */;

/*!40101 SET SQL_MODE=@OLD_SQL_MODE */;
/*!40014 SET FOREIGN_KEY_CHECKS=@OLD_FOREIGN_KEY_CHECKS */;
/*!40014 SET UNIQUE_CHECKS=@OLD_UNIQUE_CHECKS */;
/*!40101 SET CHARACTER_SET_CLIENT=@OLD_CHARACTER_SET_CLIENT */;
/*!40101 SET CHARACTER_SET_RESULTS=@OLD_CHARACTER_SET_RESULTS */;
/*!40101 SET COLLATION_CONNECTION=@OLD_COLLATION_CONNECTION */;
/*!40111 SET SQL_NOTES=@OLD_SQL_NOTES */;

-- Dump completed on 2026-04-10 15:58:28
